$MeshFormat
4.1 0 8
$EndMeshFormat
$Entities
8 16 8 1
1 100 -2.449293598295e-14 110 0 
2 100 -2.449293598295e-14 -110 0 
3 9.999999999999 -2.449293598294e-15 209.49874371066 0 
4 9.999999999999 -2.449293598294e-15 -209.4987437106 0 
5 10 -2.449293598295e-15 201.45490692139 0 
6 10 -2.449293598295e-15 -201.4549069213 0 
7 92 -2.253350110431e-14 110 0 
8 92 -2.253350110431e-14 -110 0 
1 -100.0000001 -100.0000001 109.9999999 100.0000001 100.0000001 110.0000001 0 2 1 -1 
2 99.99999990000001 -1.00000024492936e-07 -110.0000001 100.0000001 9.999997550706402e-08 110.0000001 0 2 2 -1 
3 -100.0000001 -100.0000001 -110.0000001 100.0000001 100.0000001 -109.9999999 0 2 2 -2 
4 9.99999989999921 -1.00000024492936e-07 109.9999999 100.0000001 9.99999975507064e-08 209.4987438106621 0 2 1 -3 
5 -10.0000001 -10.0000001 209.49874361066 10.0000001 10.0000001 209.49874381066 0 2 3 -3 
6 9.999999900005101 -1.00000024492936e-07 -209.4987438106615 100.0000001 9.99999975507064e-08 -109.9999999 0 2 4 -2 
7 -10.0000001 -10.0000001 -209.4987438106 10.0000001 10.0000001 -209.4987436106 0 2 4 -4 
8 9.999999900000001 -1.000000024492936e-07 201.45490682139 10.0000001 9.99999975507064e-08 209.49874381066 0 2 5 -3 
9 -10.0000001 -10.0000001 201.45490682138 10.0000001 10.0000001 201.45490702138 0 2 5 -5 
10 -10.0000001 -10.0000001 -201.4549070213 10.0000001 10.0000001 -201.4549068213 0 2 6 -6 
11 9.999999900000001 -1.000000024492936e-07 -209.4987438106 10.0000001 9.99999975507064e-08 -201.4549068213 0 2 4 -6 
12 -92.00000009999999 -92.00000009999999 109.9999999 92.00000009999999 92.00000009999999 110.0000001 0 2 7 -7 
13 9.999999899999942 -1.000000225335011e-07 109.9999999 92.00000009999999 9.99999975507064e-08 201.4549070213894 0 2 7 -5 
14 9.999999900009669 -1.000000225335011e-07 -201.4549070213884 92.00000009999999 9.99999975507064e-08 -109.9999999 0 2 6 -8 
15 -92.00000009999999 -92.00000009999999 -110.0000001 92.00000009999999 92.00000009999999 -109.9999999 0 2 8 -8 
16 91.99999990000001 -1.000000225335011e-07 -110.0000001 92.00000009999999 9.999997746649889e-08 110.0000001 0 2 8 -7 
1 -100.0000001 -100.0000001 -110.0000001 100.0000001 100.0000001 110.0000001 0 4 -1 -2 3 2 
2 -100.0000001 -100.0000001 109.9999998999586 100.0000001 100.0000001 209.4987438106586 0 4 1 4 -5 -4 
3 -100.0000001 -100.0000001 -209.4987438106615 100.0000001 100.0000001 -109.9999999 0 4 6 -3 -6 7 
4 -10.0000001 -10.0000001 201.45490682138 10.0000001 10.0000001 209.49874381066 0 4 -5 -8 9 8 
5 -10.0000001 -10.0000001 -209.498743810662 10.0000001 10.0000001 -201.4549068213 0 4 -10 -11 7 11 
6 -92.00000009999999 -92.00000009999999 109.9999998999619 92.00000009999999 92.00000009999999 201.4549070213873 0 4 12 13 -9 -13 
7 -92.00000009999999 -92.00000009999999 -201.4549070213884 92.00000009999999 92.00000009999999 -109.9999999 0 4 14 -15 -14 10 
8 -92.00000009999999 -92.00000009999999 -110.0000001 92.00000009999999 92.00000009999999 110.0000001 0 4 -12 -16 15 16 
1 -100.0000001 -100.0000001 -209.498743810662 100.0000001 100.0000001 209.49874381066 0 8 1 2 3 -4 -5 -6 -7 -8 
$EndEntities
$Nodes
33 899 1 899
0 1 0 1
1
100 -2.449293598295e-14 110
0 2 0 1
2
100 -2.449293598295e-14 -110
0 3 0 1
3
9.999999999999 -2.449293598294e-15 209.49874371066
0 4 0 1
4
9.999999999999 -2.449293598294e-15 -209.4987437106
0 5 0 1
5
10 -2.449293598295e-15 201.45490692139
0 6 0 1
6
10 -2.449293598295e-15 -201.4549069213
0 7 0 1
7
92 -2.253350110431e-14 110
0 8 0 1
8
92 -2.253350110431e-14 -110
1 1 0 17
9
10
11
12
13
14
15
16
17
18
19
20
21
22
23
24
25
93.96926207859082 34.20201433256691 110
76.60444431189775 64.278760968654 110
49.99999999999991 86.60254037844392 110
17.36481776669291 98.48077530122083 110
-17.36481776669323 98.48077530122077 110
-50.00000000000021 86.60254037844373 110
-76.60444431189799 64.27876096865371 110
-93.96926207859094 34.20201433256659 110
-100 -2.542074623718138e-13 110
-93.96926207859076 -34.20201433256707 110
-76.60444431189772 -64.27876096865404 110
-49.99999999999996 -86.60254037844388 110
-17.36481776669294 -98.48077530122083 110
17.36481776669308 -98.4807753012208 110
50.00000000000009 -86.60254037844382 110
76.60444431189791 -64.27876096865383 110
93.96926207859087 -34.20201433256678 110
1 2 0 6
26
27
28
29
30
31
100 -2.449293598295e-14 -78.57142857142867
100 -2.449293598295e-14 -47.14285714285734
100 -2.449293598295e-14 -15.71428571428589
100 -2.449293598295e-14 15.71428571428558
100 -2.449293598295e-14 47.14285714285705
100 -2.449293598295e-14 78.57142857142853
1 3 0 17
32
33
34
35
36
37
38
39
40
41
42
43
44
45
46
47
48
93.96926207859082 34.20201433256691 -110
76.60444431189775 64.278760968654 -110
49.99999999999991 86.60254037844392 -110
17.36481776669291 98.48077530122083 -110
-17.36481776669323 98.48077530122077 -110
-50.00000000000021 86.60254037844373 -110
-76.60444431189799 64.27876096865371 -110
-93.96926207859094 34.20201433256659 -110
-100 -2.542074623718138e-13 -110
-93.96926207859076 -34.20201433256707 -110
-76.60444431189772 -64.27876096865404 -110
-49.99999999999996 -86.60254037844388 -110
-17.36481776669294 -98.48077530122083 -110
17.36481776669308 -98.4807753012208 -110
50.00000000000009 -86.60254037844382 -110
76.60444431189791 -64.27876096865383 -110
93.96926207859087 -34.20201433256678 -110
1 4 0 4
49
50
51
52
95.70559469307182 -2.344111004027567e-14 138.9903284639113
83.19121711109074 -2.03759715504564e-14 165.4907325197223
63.53170344407597 -1.556077945343517e-14 187.2251426511728
38.41557208849264 -9.40910147911851e-15 202.3268315340336
1 5 0 6
53
54
55
56
57
58
6.234898018587346 7.818314824680289 209.49874371066
-2.225209339563121 9.749279121818242 209.49874371066
-9.009688679024183 4.338837391175599 209.49874371066
-9.009688679024196 -4.338837391175571 209.49874371066
-2.225209339563164 -9.749279121818232 209.49874371066
6.234898018587326 -7.818314824680305 209.49874371066
1 6 0 4
59
60
61
62
38.41557208849698 -9.409101479119573e-15 -202.3268315340318
63.53170344407866 -1.556077945343583e-14 -187.2251426511706
83.19121711109203 -2.037597155045671e-14 -165.4907325197203
95.70559469307216 -2.344111004027576e-14 -138.9903284639101
1 7 0 6
63
64
65
66
67
68
6.234898018587346 7.818314824680289 -209.4987437106
-2.225209339563121 9.749279121818242 -209.4987437106
-9.009688679024183 4.338837391175599 -209.4987437106
-9.009688679024196 -4.338837391175571 -209.4987437106
-2.225209339563164 -9.749279121818232 -209.4987437106
6.234898018587326 -7.818314824680305 -209.4987437106
1 8 0 0
1 9 0 6
69
70
71
72
73
74
6.234898018587346 7.818314824680289 201.45490692138
-2.225209339563121 9.749279121818242 201.45490692138
-9.009688679024183 4.338837391175599 201.45490692138
-9.009688679024196 -4.338837391175571 201.45490692138
-2.225209339563164 -9.749279121818232 201.45490692138
6.234898018587326 -7.818314824680305 201.45490692138
1 10 0 6
75
76
77
78
79
80
6.234898018587346 7.818314824680289 -201.4549069213
-2.225209339563121 9.749279121818242 -201.4549069213
-9.009688679024183 4.338837391175599 -201.4549069213
-9.009688679024196 -4.338837391175571 -201.4549069213
-2.225209339563164 -9.749279121818232 -201.4549069213
6.234898018587326 -7.818314824680305 -201.4549069213
1 11 0 0
1 12 0 16
81
82
83
84
85
86
87
88
89
90
91
92
93
94
95
96
85.78744510520072 33.23423328921811 110
67.9888203843006 61.97999921548332 110
41.00792873144142 82.35502280466579 110
8.488689070623582 91.60754421914319 110
-25.17699508663186 88.48795917189929 110
-55.44238654689178 73.41758490978189 110
-78.21997648712463 48.43175898471655 110
-90.433525170919 16.90495563912431 110
-90.43352517091893 -16.90495563912465 110
-78.21997648712441 -48.43175898471688 110
-55.44238654689133 -73.41758490978222 110
-25.17699508663141 -88.48795917189942 110
8.488689070623987 -91.60754421914316 110
41.00792873144162 -82.35502280466568 110
67.98882038430077 -61.97999921548314 110
85.78744510520076 -33.234233289218 110
1 13 0 3
97
98
99
85.92389689298342 -2.104528506005439e-14 142.8798409777777
68.49817515817494 -1.677721419098075e-14 171.4166101311362
42.02458440372388 -1.029305455510488e-14 191.8409085097073
1 14 0 3
100
101
102
42.02458440373025 -1.029305455510644e-14 -191.8409085097041
68.49817515817796 -1.677721419098149e-14 -171.4166101311329
85.92389689298422 -2.104528506005459e-14 -142.8798409777757
1 15 0 16
103
104
105
106
107
108
109
110
111
112
113
114
115
116
117
118
85.78744510520072 33.23423328921811 -110
67.9888203843006 61.97999921548332 -110
41.00792873144142 82.35502280466579 -110
8.488689070623582 91.60754421914319 -110
-25.17699508663186 88.48795917189929 -110
-55.44238654689178 73.41758490978189 -110
-78.21997648712463 48.43175898471655 -110
-90.433525170919 16.90495563912431 -110
-90.43352517091893 -16.90495563912465 -110
-78.21997648712441 -48.43175898471688 -110
-55.44238654689133 -73.41758490978222 -110
-25.17699508663141 -88.48795917189942 -110
8.488689070623987 -91.60754421914316 -110
41.00792873144162 -82.35502280466568 -110
67.98882038430077 -61.97999921548314 -110
85.78744510520076 -33.234233289218 -110
1 16 0 6
119
120
121
122
123
124
92 -2.253350110431e-14 -78.57142857142867
92 -2.253350110431e-14 -47.14285714285734
92 -2.253350110431e-14 -15.71428571428589
92 -2.253350110431e-14 15.71428571428558
92 -2.253350110431e-14 47.14285714285705
92 -2.253350110431e-14 78.57142857142853
2 1 0 125
125
126
127
128
129
130
131
132
133
134
135
136
137
138
139
140
141
142
143
144
145
146
147
148
149
150
151
152
153
154
155
156
157
158
159
160
161
162
163
164
165
166
167
168
169
170
171
172
173
174
175
176
177
178
179
180
181
182
183
184
185
186
187
188
189
190
191
192
193
194
195
196
197
198
199
200
201
202
203
204
205
206
207
208
209
210
211
212
213
214
215
216
217
218
219
220
221
222
223
224
225
226
227
228
229
230
231
232
233
234
235
236
237
238
239
240
241
242
243
244
245
246
247
248
249
96.29591836725874 -26.96471965005832 -1.56319401867222e-13
96.23938026689433 27.16581833562369 0.04589264900529599
-86.60254037844378 -50.00000000000016 -79.96164710697359
-0.9995338761297888 -99.99500453537901 80.07067753445742
-86.60254037844403 49.99999999999973 -79.96164710697352
-1.715126521709132e-13 100 79.96164710697346
-98.48077530122077 -17.36481776669327 79.96164710697357
-1.17410178364296 -99.99310718745392 -80.06095322526436
-1.715126521709132e-13 100 -79.96164710697346
64.27876096865386 76.60444431189786 79.96164710697349
58.91790721048847 80.80024882347993 -80.10214628590627
64.27876096865405 -76.60444431189771 79.96164710697352
60.51442189456802 -79.61158673689546 -79.98854983594907
-86.60254037844403 49.99999999999973 79.96164710697352
-64.29355815867633 -76.59202555943342 79.97587665704296
96.29591836734689 26.96471964974353 -62.857142857143
96.79739983520358 25.1050470054077 62.95382766668911
96.29591836733844 -26.96471964977368 -62.857142857143
96.2959183673384 -26.96471964977385 62.8571428571428
96.21705014588548 27.24480246256446 -31.37104842850385
85.01771253481853 52.64967763763573 -15.63373170973172
82.97300418503475 55.81649018444462 19.76853440968549
65.82583547940793 75.27920950327469 0.2567827273186509
67.45723289406045 73.82087597879402 -31.75384925406563
42.33655490705752 90.595894601255 -16.02512991309899
37.07795685252088 92.87209007900383 19.67547489251535
11.2699940234987 99.3629067344062 -0.3502515280440832
14.37550248642441 98.96133046934446 -32.67465216757842
-16.15348101299285 98.68670149094497 -16.38364846603919
-15.64538249998911 98.76852740842619 18.38582389999186
-44.27327744226036 89.66536067245055 1.273308736917372
-44.41715859554166 89.59417404216916 -33.30717896806865
-68.92049882565799 72.45664111468648 -15.89337127320947
-43.02251115399663 90.27216367188856 35.97892507560397
-67.70377873246068 73.59482553376974 -50.79054141587142
-87.35357743916734 48.67599519865408 -33.10203808702121
-87.28303308011006 48.80237838811151 1.581273923011224
-97.83811038914422 20.68100953729361 -16.35058914337083
-97.82282994307215 20.75316703370324 18.99601372359353
-99.55477183707518 -9.425890115416195 1.809724514626922
-99.38731485809843 -11.05267593378214 -33.46987228142119
-92.18658107557151 -38.75092604825178 -15.32979492673374
-92.31591959457839 -38.44178702151265 19.33534789015286
-77.04428856362412 -63.75090273654968 1.127227049379556
-76.68425614004946 -64.18352483501734 -31.91311982009402
-54.66932029770161 -83.73329933895661 -15.11006709223514
-61.48887864130032 -78.86138347401371 21.53660696800335
-29.52185140871219 -95.54297613849967 3.160910837350286
-51.28812465261151 -85.84595662940792 -51.05677653006408
-29.79337853914119 -95.45865385193446 36.74732725998359
5.063572201418436 -99.87171890260537 22.60933573863426
2.816926371975317 -99.96031675527479 -14.22968128535976
32.56343319684395 -94.54957862642584 2.606876876669332
33.55446804125062 -94.20242923868095 -30.57219762279648
58.81746473524285 -80.87339390750498 -14.27501433776359
58.69752108988862 -80.96049047468821 19.33904379518583
-87.20060256032131 48.94951392115026 36.28304885809084
-98.30835846503658 18.31574884927915 55.26890496507363
-47.4291921341707 88.03676353376423 -67.68943595760803
-97.71044571033602 21.2760146429607 -57.49673798031616
-98.88606718609833 -14.88441186162372 -73.15587601143736
78.6593344310518 -61.74713845081364 2.416408644267975
76.58784040080337 -64.29854355069848 -30.45483952141882
73.04233425605283 -68.29946856621252 35.57445443434233
-68.56837446423859 72.7899582588969 57.31058461070626
-26.51599729877188 -96.42044330561606 -32.37218875214045
-99.52340448493327 -9.751510638273766 36.67376651200675
-68.50031232955034 72.85401300377387 19.27393716790485
-39.43809151215621 91.89470571191136 72.01729327152944
96.00055735090778 27.99808901184265 30.54991932095967
96.29878798271541 -26.95446963047175 31.44683622220319
96.29591836733834 -26.96471964977402 -31.42857142857162
34.20256891754008 93.9690602243149 79.96567329010816
23.89676849573523 97.10275204885409 50.7224104056356
49.99999999999986 86.60254037844395 50.74187821776599
71.62915101381384 69.78011697496825 50.33049723762986
33.19247285255729 94.33058754154055 -80.090810056979
34.42837803420525 -93.8865633939908 80.09677510801058
30.38784664482592 -95.27108048243466 -80.02537144862214
17.59473582710259 -98.43995769591977 50.7845278079418
-34.20201433256744 -93.96926207859063 79.96164710697292
-34.20201433256651 -93.96926207859096 -79.96164710697383
-86.60556792584326 -49.99475576740173 79.9815230764348
-77.34239536922829 -63.38890974413407 51.57021494603424
50.00692915774939 -86.59853945772893 51.31357497466928
59.26252950214818 -80.54782800924565 -47.52769660206506
-13.77179830022713 99.0471482253672 -51.68886346071874
-64.27876096865388 -76.60444431189785 -81.12776898842331
85.46261849917207 51.92437615672405 -47.14285301592189
85.56642128757633 51.75314046545392 -81.10616825218298
85.56642128757636 51.75314046545388 81.10616825218295
85.56642128757005 -51.75314046546431 -81.10616825218993
85.56642128757001 -51.75314046546438 81.10616825218997
-90.8263073195686 -41.83995576827586 -48.93631519941142
45.85448500963025 88.86712668080135 -49.90738371272255
-7.263672749196131 99.7358464053551 51.02750161223662
8.300400931953709 -99.65492132538574 -48.73842795518016
-90.01632660945775 -43.55526310033527 51.39307561542964
-52.568623212415 -85.06785440782636 51.60701135481716
-98.48077530122086 17.36481776669276 84.52841536096028
-67.15961517420219 74.09174103537499 -82.11493916002802
-64.27876096865414 76.60444431189764 86.28180937312891
-98.48077530122086 17.36481776669276 -86.54710922203023
63.54950024068417 77.21049811495378 27.32043842307115
76.50782982012831 -64.39372621781011 -57.03651275384134
34.61930037941375 -93.81633142070693 29.93743857790659
-76.15532676529419 -64.81023225750133 -59.82174612461753
17.57608425373768 98.44328957478776 -59.82285830864173
97.26399653297241 -23.23176658013612 87.65201324224128
97.26399653297244 -23.23176658013604 -87.6520132422414
97.26399653297703 23.23176658011679 87.65201324223321
97.26399653297706 23.2317665801167 -87.65201324223332
-19.8216294257056 -98.01583038933049 -58.01407452761363
74.89497808384145 -66.26267620479051 59.96349802750603
-25.69667225661479 96.64202520092448 -85.01366322390791
-5.539906950106943 -99.8464292350215 54.23453886215714
88.83873430251818 -45.90946838645142 -47.1529457823636
89.62023517015538 -44.36455170568102 -15.81614680282469
89.53053469089679 44.54529557610013 47.14285714284543
71.30375075781394 70.11258893998672 -56.8196561517864
10.5610391498712 99.4407585051265 25.27396760229618
89.94379661125801 -43.70484471031389 15.729455965084
36.56227622767015 -93.07631254541376 -54.69398236240971
87.65641408549091 -48.12850579098578 47.14548932994319
-79.76218340855741 -60.31578647335745 25.58920186581918
2 2 0 144
250
251
252
253
254
255
256
257
258
259
260
261
262
263
264
265
266
267
268
269
270
271
272
273
274
275
276
277
278
279
280
281
282
283
284
285
286
287
288
289
290
291
292
293
294
295
296
297
298
299
300
301
302
303
304
305
306
307
308
309
310
311
312
313
314
315
316
317
318
319
320
321
322
323
324
325
326
327
328
329
330
331
332
333
334
335
336
337
338
339
340
341
342
343
344
345
346
347
348
349
350
351
352
353
354
355
356
357
358
359
360
361
362
363
364
365
366
367
368
369
370
371
372
373
374
375
376
377
378
379
380
381
382
383
384
385
386
387
388
389
390
391
392
393
52.58728193358712 29.31824378069966 189.8437120908897
53.63362556543558 -22.85089171466462 191.248205866661
-62.50136229328015 -73.95334407435902 134.9896500916601
-10.86430930632709 -14.08014407937485 208.4058754648344
-19.03256335711005 -7.561241794059271 207.8804840332809
-3.035178843425395 -19.81251770975707 207.9706682195696
-18.14908579421758 -15.44245912665008 207.119210977828
-61.04815156667531 73.91705273084622 138.4498243558293
-10.86723023716825 14.08415398353586 208.4049791094964
-18.59276092700186 5.73670438027627 208.0887326045386
-2.848581631832813 19.99182002674708 207.9398423253016
-20.23127360167062 15.64662002942157 206.6740857216103
-93.9351873525269 -17.57298550722395 139.4511588466153
-4.050927610521796 -94.86290488229135 141.3786434185364
-1.636554679057543e-13 95.41888941386716 139.9204870118149
64.41630030084508 -71.7703666896529 136.4490967857904
60.97338031199903 73.62400019907879 139.3556380958475
86.29436069994617 -23.717103357928 154.6181837337306
87.35248234558748 26.43940610275554 150.8717706124582
25.68112981880194 -23.29070947816646 203.7977740846417
26.64690046279452 24.49590159971714 203.2195982642218
18.15406273973177 8.426830184941631 207.9766224110427
11.10244983703462 16.28702066025392 208.0380975214666
21.74976305533797 -10.32051133185001 207.0589246431559
12.53750552973526 -20.289859976452 207.1140182323223
13.47682730574262 -31.37043274353469 203.9908031418742
25.61572015722462 -37.82781293075524 198.954434682609
11.98693325468582 -45.38287099605324 198.2989719719505
25.33046503085898 -52.21993811135939 191.4336883910229
9.513312480461231 -59.96904546484328 189.4557139020515
-5.213079552650671 -52.26252733902921 195.0967216625585
-7.473724290786134 -66.2074818204934 184.5701870469315
-22.62940139060585 -58.56840732927234 187.8309183783365
24.47187592743313 -68.011324486117 179.1056222766022
-25.46815982694123 -70.1346636693183 176.5770364842186
-40.21196282439009 -56.96688966799633 181.678250030007
-36.5624376422435 -44.62565457533588 191.6807144152147
-53.04772629622862 -42.42110297284221 183.3920210742825
-50.21909166800307 -27.77978125346813 191.8921643721191
-64.65774799160711 -27.16143034706111 181.2855688492108
-59.02537094571895 -10.95612479099894 189.974801745827
42.51051017284804 -57.51023555618121 179.895846308037
-43.03460676581143 -10.57688647162185 199.6445876396249
-51.38121627253749 3.814743980265487 195.7054160640957
-65.41377234051552 4.576351476640828 185.498976121173
-57.28689589360069 20.13258824490259 189.4537000361655
-72.2112756976608 21.06751089619766 175.8915142241777
-60.43434025419975 37.10443070813539 180.5049767028172
-46.47380606556415 35.83478913795751 190.9694586694172
-47.09215610282725 51.47723706279749 181.6409303259491
-31.81772120300173 48.74531935007451 191.311293550818
-32.64456993816088 64.97489646864682 178.6483421681919
-15.0188858522344 60.73219629957661 188.0130335289383
-74.74896931026048 37.36656730590497 164.9211365034174
-14.16338800701191 46.90927841687444 197.1717731755583
1.34616723247417 54.08176924804039 194.103210811383
0.9843779651808914 68.74006240589637 182.6211733618725
18.15465913533484 60.91779958781104 187.197344805758
17.78312707714864 75.76919681202206 172.7916332469466
-12.52152850100098 22.55360111373374 206.6154563245509
-67.91925275651263 -42.51855061276241 169.8259806337256
36.76727484030074 65.22081156597088 176.290370639286
-22.53014749062429 27.34821292573786 203.5118586266962
-30.61654655701752 18.43448412635768 203.3959146425423
0.3569475473258827 -39.00411904248551 202.0790491163331
2.032088581072253 40.6879882285365 201.3255617552564
36.93062439404738 50.42617445284085 188.0597842164418
54.7591090851466 50.9735847855546 176.3561122000897
-84.69369443931015 18.528411862582 159.8364934166851
68.38996351365986 30.37564044013961 176.3335010266429
-34.85969419737467 -26.0032952542011 200.0479336597368
-22.43821026218113 -36.80344917719283 200.233213668205
-12.49679849418848 -22.52480013432081 206.6253766166246
-7.01268216063586 -81.40421934328582 167.655662011845
-26.24088101159611 -84.26009412331439 157.0282117676768
39.01818543661597 -71.83369206984814 167.5977594082277
19.29942726011681 -83.22221730983367 161.976866522197
26.36234523267347 -93.25825194649451 134.656139148648
71.58076561404117 49.1104254330493 159.6423217415605
84.94132091570195 47.25519725956809 133.4929421966479
35.59429384308891 80.05205963344709 158.2152879723317
-80.34322964536231 -24.88939858404666 164.0877369491184
-82.14458630793361 -41.28104274057936 149.3464413962547
59.7248958763976 -60.91457655734381 162.1761552377421
-36.88490152000369 4.025560237322486 202.8617192638351
73.33505552600943 -22.37397371734127 174.1979355672192
-32.45885844775501 -7.694891697133446 204.2720061844341
-51.94239328863252 67.61302260613947 162.2538702251871
-30.67612714222336 79.26229516687215 162.69216059751
-86.90687382130434 36.42749882231246 143.4698761897667
-43.90699842292256 19.35702305672051 197.7352902079378
-0.9956147356602215 83.80392711203932 164.5519069501529
-95.45302305063692 11.87416127078188 137.3445549353074
18.71755833969864 46.73436229316204 196.4034281197885
16.15926630622975 31.67391216778013 203.4646532141007
83.05152547083172 -47.85007988154562 138.509892533952
-33.12934322029084 89.99281427746008 138.3503085735366
58.47579345264958 -39.98154804370131 180.5836907232278
73.43411338144506 -39.23039135324711 165.3932070397819
-27.75166678780945 0.4102399180840791 206.07120637167
-26.71115253002397 8.577257014600402 205.9840871844041
-4.022672431900195 29.22799056979303 205.5486403553589
4.815437678699793 24.56624652728162 206.8158617764847
-38.9726676094596 -88.57186061736797 135.2221467401195
-49.68190942858416 -69.03686266949511 162.5891573262325
-73.42934060193218 -10.20749218262475 177.111392789206
-85.93962625362137 -3.828809179075165 160.9874578662057
29.32081104378889 92.16823180359444 135.4028952273812
53.83885892853187 66.22319620327995 162.1139669752316
-35.56699764725992 33.02978062594484 197.4300993374808
42.26318603661039 -42.52922196797302 190.0317960865164
-16.45718465371047 76.02643230480908 172.8422044829425
32.61450909501451 36.65128668997022 197.1376897815224
7.970584371149831 -73.96816440917371 176.8220056472404
-62.92131984461698 51.37744258962463 168.3203729580087
-72.55143788721757 55.06623896299695 151.2795129206647
-13.14032220585404 1.911559812317507e-14 209.1329003526394
16.76850720729965 87.97707757578375 154.4842779784416
-24.62877893574962 38.31022154714366 199.0266823662589
21.02221175380031 14.79349838497499 206.63963482191
-67.74427313356091 -58.60263803644105 154.4572184552224
-77.38561792774797 -58.17491922331908 135.0428614838822
37.07176986886407 -29.77020464629659 197.9739665702735
4.552739934130198 -26.56074365338112 206.3005683039906
-5.877040712918626 -30.19498328514836 205.1510555741149
2.735021355768965 -14.87540715006923 208.8495924134397
2.923996769724728 12.81086689351102 209.1329003526447
-21.22834299543668 -26.14457292917519 204.1584768357004
-15.32513724420514 -31.80885690789239 203.5592688655673
-10.92299111527817 -41.47536065903853 200.3353902039407
-17.6986719460505 -48.63147117162521 195.5671492047589
-13.8541798217372 35.41216964421964 202.4880529720243
-55.32447662058001 -55.42107008303678 172.1908938471704
-16.39644742333122 88.00039049543678 154.5767628315984
-81.06539772402341 54.74653504377584 130.7657938096891
95.6253229892055 -21.32484769708871 130.0261946936031
95.56590081942379 21.87198188704145 129.7173783476654
-77.30678185866338 5.513239854370384 173.1922911830645
-28.15162657011584 -16.85269818764453 204.4641333271677
37.159298792936 23.13204363990428 199.9115958609281
-45.78341306639653 78.72246869388833 151.3116449773122
37.7139692410844 -18.2101809072939 200.8077410544176
-88.39149582137226 -42.49201701907596 129.5287469160438
44.67316907560373 -81.6812465984296 146.5031768325588
2 3 0 145
394
395
396
397
398
399
400
401
402
403
404
405
406
407
408
409
410
411
412
413
414
415
416
417
418
419
420
421
422
423
424
425
426
427
428
429
430
431
432
433
434
435
436
437
438
439
440
441
442
443
444
445
446
447
448
449
450
451
452
453
454
455
456
457
458
459
460
461
462
463
464
465
466
467
468
469
470
471
472
473
474
475
476
477
478
479
480
481
482
483
484
485
486
487
488
489
490
491
492
493
494
495
496
497
498
499
500
501
502
503
504
505
506
507
508
509
510
511
512
513
514
515
516
517
518
519
520
521
522
523
524
525
526
527
528
529
530
531
532
533
534
535
536
537
538
52.36453805820946 26.17451775945872 -191.0731137554869
53.11258728427109 -23.1575885352333 -191.5032463476365
-62.27715758057949 -73.6278152858427 -136.4669692242519
-10.8643093063296 -14.08014407938389 -208.4058754648328
-18.98608648078995 -7.570795897169488 -207.888771417499
-2.414463435971417 -19.47513384639613 -208.0555430762653
-18.30996098864996 -15.69062453676337 -207.0492124143233
-60.85074207209126 74.27875138141461 -137.9258712038464
-10.86430930644307 14.08014407948596 -208.4058754648057
-18.58777608534442 5.735720725497936 -208.089734875573
-3.468197763735448 19.39355576522181 -208.0401019943005
-20.21654546015595 15.64223866347213 -206.6778757485518
-93.96926207859077 -16.56931626172059 -139.9204870118152
-1.636554679057541e-13 95.41888941386703 -139.9204870118154
-4.050927610234795 -94.86290488233657 -141.3786434184367
61.33407984525751 73.09511000404591 -139.9204870119456
64.49851187366225 -71.67669764478224 -136.5026976140452
87.48562241801716 25.28733177257283 -151.3136384497415
86.53755484019142 -23.99458291047906 -153.9944495730201
25.68112981880813 -23.29070947817594 -203.7977740846377
26.69713906734979 24.42701166004975 -203.2233010946211
17.15320150141954 8.026814915679648 -208.1903148001936
11.08077325464728 15.62657577127576 -208.1479831364031
21.23565076629286 -10.21731352700357 -207.1836078812829
11.23920759328401 -16.61419343410093 -207.9675905042548
13.46844584419748 -31.1530516665525 -204.0642776956429
25.79440917514108 -38.09994856741024 -198.7864988298677
11.99503741223357 -45.38120585587117 -198.298727241938
25.33047646896361 -52.24664249499696 -191.416554274025
9.401559070219669 -59.47037230345465 -189.8428801154972
-3.822475824710733 -53.00110977512582 -194.7128741170701
-7.314640488425636 -65.70311167572748 -185.0306414117057
-22.06252600864801 -54.43280952951012 -190.9340113477752
24.6272048505945 -68.31784089879149 -178.7471700957521
-26.21460095791875 -70.39656806517388 -176.0084684056707
-40.21196282424413 -56.9668896685121 -181.678250029679
-37.28556173838553 -41.86077706383436 -192.8097954922303
-53.04772629631963 -42.42110297344775 -183.3920210738668
-49.23759780461958 -26.93821695728633 -192.764675010494
-64.57698244088661 -27.11569831260472 -181.376132172101
-58.64496912008433 -10.68466736671006 -190.2907558823998
42.14098635409628 -57.31450287372363 -180.2793357214039
-43.03511417739719 -10.57726625049352 -199.6442992409699
-51.38150375339925 3.81345077591594 -195.7053012667191
-65.41255160077129 4.574584313318851 -185.5001408703108
-56.94552381783221 19.83406427004586 -189.7735370385718
-72.13731786730042 21.12440935830127 -175.9542773455594
-60.43757326925535 37.07854012917237 -180.5158251686297
-45.85771697632865 35.58291960315179 -191.4304956772006
-47.11984496042037 51.42827129500994 -181.657889464544
-31.75250444347596 48.65376048545924 -191.3915846521654
-32.5934977570822 64.70052391804164 -178.9311693553068
-15.15509988170582 60.69170523116245 -188.0182021307157
-74.73587249814733 37.33969572488334 -164.9572241394504
-13.47062422546936 44.889040919122 -198.3375134828776
1.140942515595483 54.07261134766594 -194.1121332045524
0.5208106668887953 70.02230485538961 -181.3905146289627
17.83977995158469 60.91857338051844 -187.2701085062097
17.44410837576607 75.67188604764885 -173.0037200883104
-12.49679849452809 22.52480013461479 -206.6253766165122
36.28058046902044 65.27905474649474 -176.500860838301
-67.91906741915267 -42.51839007738075 -169.8263051352855
-22.9904790046611 27.57496155887054 -203.3330561492714
-30.5852156472366 18.49119101996413 -203.3949700919446
-0.780735348072919 -36.91215015788232 -202.9348353581057
2.165535219520297 40.70208342533135 -201.3162135770553
39.75510923657792 48.81978144695731 -187.6927295765767
53.38143532696794 52.52289322246742 -176.2704160992975
-84.65041128893814 18.68686208667036 -159.8508681365468
-35.25496293507992 -26.86938094148078 -199.6388529392681
-24.77954044188726 -39.96491518682529 -198.2540646633272
-12.49679849443497 -22.52480013461304 -206.6253766165246
-6.96950752137737 -81.27811924993867 -167.8385104934611
-26.39853979506084 -84.27679599813506 -156.9099003727072
39.09171249955962 -71.73771850400816 -167.6674757353871
71.08592786190825 24.8222821205491 -175.8076376292254
36.20721836520695 80.07730077517296 -157.7143923655819
19.37042093631424 -83.14184181819614 -162.078987430902
26.49391354480339 -93.20117339468085 -134.730827380723
-80.32710121039626 -24.71836391642876 -164.1900294927927
-82.28984408505011 -40.7048690914599 -149.6420886521542
59.43191833162653 -61.1660184240564 -162.2165229938845
-36.88681987515356 4.023957058670812 -202.8610267501278
72.57860182924082 -22.12176084709886 -175.1381167484622
-52.02471156633551 67.44524000607775 -162.3886341391161
-30.76326659795447 79.147067007047 -162.8144223901501
-32.45661270666562 -7.858264316174737 -204.2593017879225
-86.88500429789727 36.41470591212062 -143.5405012110454
-2.182757319304123 82.76175219004541 -166.0867893974913
-43.41068546361353 19.30522684766552 -197.9932986308582
72.64375287837593 46.5390959860486 -160.5667649009387
85.28690311597352 46.42162170057843 -133.8993137051033
-95.53048080806906 12.17206068210061 -136.9400849169116
18.32302627259465 45.86038731749369 -196.954537450919
15.74763443124157 30.92065214304247 -203.786594355851
-33.22358637397895 89.99530597714254 -138.2318651621046
82.77387507121624 -48.37086760808497 -138.4384382928424
57.94257915395985 -41.40002187519514 -180.2046701418108
-27.75233768624592 0.3987172161196303 -206.0710610825661
-26.70308525295291 8.579833440862561 -205.9861015777836
-3.16471789728 31.00088982005846 -205.0206787546544
4.63453652870389 22.88103072796343 -207.236718907983
-38.97266760950819 -88.57186061735337 -135.2221467400957
-49.68190942798377 -69.03686267014554 -162.5891573259458
31.42243450731961 91.29598830504973 -136.0321556740396
-73.40026569793986 -10.05253689035806 -177.1665653248685
-85.95957107807251 -3.613390068298243 -160.9695551509734
-34.85655143376645 32.1313065744181 -198.04884985033
53.75601213430144 66.02867704996987 -162.4452568536719
41.98639649808961 -42.73011688211195 -190.070466592535
74.62076775341815 -41.233936661484 -162.2637875329291
-16.82008737213969 75.49402494820625 -173.3856202771039
33.70097727704172 36.41682608180506 -196.821995535117
7.022854466960911 -72.59534208954665 -178.4148801214881
-62.25079500977333 51.35549487537484 -169.0546498318001
-72.03777032655864 55.28041210710416 -151.8883716996342
37.453293375814 -29.74182915929683 -197.8218333534686
-13.13995916527691 1.911506999778621e-14 -209.13294847393
17.02977222216354 87.76745153728089 -154.7980056332007
20.16336785338769 14.49589491191112 -206.8674745593783
-24.58847067735222 38.19579762821021 -199.0869696043916
-67.27751640989653 -58.66154925992432 -155.0839042690579
-77.99180494828144 -57.12889452001021 -135.5649715789157
4.478408258075468 -27.36501347732406 -206.0786131085367
-3.831638404437388 -27.95108330881052 -205.9377688348107
-11.06222288323344 -31.6889372946561 -204.1989303443358
-13.03148968180383 -43.95846571336804 -198.8697562098585
2.735021355776603 14.87540715014647 -208.8495924134279
2.923915985612427 -12.81051295518939 -209.1329484739257
-22.25308085955011 -27.11955751067444 -203.644700825426
-14.77659203189214 32.91742547384067 -203.2635803950136
-57.00124331367765 -55.52290914168058 -170.5645508621966
-16.38769677663799 88.28916608130926 -154.0053013513595
-80.94830758241977 54.90324684206722 -130.8087718460509
95.62532298917765 21.32484769715685 -130.0261946936635
95.62532298920777 -21.32484769709341 -130.0261946935873
-77.65803750605443 6.095093764350654 -172.706291890942
-27.25313329047655 -17.9797625127779 -204.5198120281437
38.1754842905305 24.7633134464553 -199.0472386227449
-7.662517122179212 36.71137534803189 -202.7014603520798
-45.82568115787732 78.99957125084467 -150.7317405545022
59.59773906721226 37.86429027057659 -180.812463736139
37.45151767917941 -18.39388137351485 -200.8793098100067
-88.65338156628596 -41.76812143241271 -129.8997982117843
44.56501610067919 -81.41593384557954 -147.2210297546752
2 4 0 7
539
540
541
542
543
544
545
9.009688679026995 -4.338837391169758 205.4096333606991
9.011387839069748 4.335307280212773 205.4768253160241
-6.234898018586074 7.818314824681304 205.4096333606937
-9.999999232558586 0.003917757991060374 205.47682531602
2.225209339561566 -9.749279121818596 205.5440172713463
2.229028700410121 9.748406590450973 205.47682531602
-6.234898018588594 -7.818314824679295 205.5440172713463
2 5 0 7
546
547
548
549
550
551
552
9.009688679022714 -4.338837391178648 -205.4096333606584
2.225209339561575 -9.749279121818594 -205.4096333606507
-6.234898018586074 7.818314824681304 -205.4096333606507
2.225209339564716 9.749279121817878 -205.5440172713182
-6.234898018588594 -7.818314824679295 -205.5440172713182
-10 1.61770933020805e-12 -205.5440172713183
9.009688679023526 4.338837391176964 -205.5440172713183
2 6 0 115
553
554
555
556
557
558
559
560
561
562
563
564
565
566
567
568
569
570
571
572
573
574
575
576
577
578
579
580
581
582
583
584
585
586
587
588
589
590
591
592
593
594
595
596
597
598
599
600
601
602
603
604
605
606
607
608
609
610
611
612
613
614
615
616
617
618
619
620
621
622
623
624
625
626
627
628
629
630
631
632
633
634
635
636
637
638
639
640
641
642
643
644
645
646
647
648
649
650
651
652
653
654
655
656
657
658
659
660
661
662
663
664
665
666
667
55.34435761862036 28.55296826531652 177.7180188946937
54.67788266402436 -26.77394593670013 178.9745240386466
-87.20888069167209 2.273135691417056 139.2137635821561
-64.76953245248465 -60.04316351595558 135.7628837842886
-10.26620102517102 -12.8734089040366 200.5145317598243
-18.39347546707665 -7.712195097284195 199.8120376509935
-3.073542621677752 -18.63649900129999 200.0401812566327
-19.01630488072541 -16.98928026430415 198.3953873501566
-66.30347391851681 59.303465567411 133.472288299854
-10.26620102517097 12.87340890403665 200.5145317598243
-17.52222285635791 7.338756711471187 200.0173003155614
-28.80760712527457 -10.71694964588571 196.7137172655133
-3.255697363988127 18.71593114551828 200.0173003151635
-7.685051680818734 -88.44437793259695 134.1356995502327
-29.72135732960799 -22.94370420690491 193.989447883361
-41.12668531579202 -13.89899604755602 191.1135849522498
-12.91439686914448 23.23526566520643 198.0757672857495
-3.736115481874222 30.40078299595569 196.7515638725833
-40.52484538820238 -27.22181279898259 187.9789062131512
-28.80354461318625 -37.52315942511412 188.9073401178475
-7.558067496472039 88.05854507533645 135.5454155365246
-52.70070611946265 -17.62593706843871 183.320951418878
-50.10320755094365 -1.467636527422374 187.1460604057682
-15.7820166815437 34.98242996354328 193.6131421686164
-4.217770630619528 43.50998097579956 190.9511702595648
9.806507746865364 36.6608740745603 193.8081900407108
13.17952529487272 51.33890591890513 185.1971864636678
-18.81060827245477 49.00866974789722 185.5533672708358
-30.80801114587477 38.68137187659337 187.5797519909696
7.490258928411626 24.64684437623719 198.3200378367157
-40.88380286507092 -41.7865169657281 181.0380296965149
-26.48302021642816 -51.29786224195745 181.6322481122951
-12.81456576850153 -44.70339874320319 189.3813142053653
-10.43746699023961 -59.30742033936798 179.5534986576317
4.60349558930468 -50.77638379789545 186.5804588440685
7.441135543080234 -66.84239610245756 172.7751828759716
-34.12858080594374 51.9004677632601 177.8644341177834
-44.53858107388233 40.2607211987123 179.7093187779422
51.81722938403332 -68.96217092362777 141.9873994013709
-62.99099267435065 -5.753542807601564 176.8059247901037
-64.47646806244913 -23.64616979965669 171.2180016008182
51.53834723108956 71.54567316421092 136.2491031497754
-20.25437069460115 63.7587986403297 173.1551744808577
-26.05358136027252 -65.72087166582189 168.8725566438916
23.52036314484638 -54.14625832415197 180.5618539086719
20.00347467539741 -38.98598211011338 190.8947105799919
-36.92627083667259 66.84972037300746 161.2987856400852
-59.43742693088736 11.9146727006909 179.2042834965498
-43.15891689538757 15.09446427531787 189.8339842464234
21.02028494201523 27.90921963806071 195.1071270819957
76.58506745580085 -36.01151209920712 146.0818297640113
76.58506745578443 36.0115120991768 146.0818297640764
-71.52323561230271 7.620044088810362 167.3616744493361
28.22125648350029 -71.68442935833588 160.2882020961403
1.582178941799077 -34.76783006865165 195.1627541952084
15.56864288046638 -26.02786522585535 196.8571677562952
-65.8235580968079 26.55072567771404 168.5347603178054
43.4959586045476 -57.93885182484668 166.7026545612279
24.91735069504206 -84.21780924268195 137.3950039369138
-13.57935811851612 -29.10891538942974 196.2106262472331
-82.22489187350061 -32.21384090852103 135.7941003004879
-82.40407260547265 33.36466430239192 133.6720931482766
30.8048363861013 -25.75389372549943 192.7755943089581
26.96859806097487 -12.71581702445751 197.0344915308069
-39.01560714098522 -79.89233297062731 133.6431286409122
-39.78788633118999 78.26190813673331 137.4954148194535
-37.66276260193985 1.247314562893776 193.9283058304594
-29.92750755791887 14.81926854279654 195.7247547166347
23.67974989248825 84.54408426365352 137.4875837615724
33.75810057636362 69.76647375018983 159.5684353791825
57.03906486949707 51.63333607070154 160.44347019212
36.05583651570586 47.72912543778281 179.8992649324518
17.52365480778833 15.56704526599884 198.9639737414186
40.75116594250537 -40.79593113646465 181.6870593415243
-46.11105189741599 -63.19577477798205 158.4155444369304
-63.32263037389767 -43.86059605878835 160.3040017881135
7.876314922845304 79.33466219161666 155.9126892936826
5.151127398778776 -80.07787107836585 155.0000050008683
-19.48670080425992 17.38152793832402 198.216500601047
-23.36818846322221 24.0223365904864 195.6787903315675
-36.80750532099409 27.11310001952006 189.837881731522
-77.24579102771719 -16.11950202850138 157.2995710641797
-5.195546136644903 56.34749700960896 182.5394091587056
-18.05568700606318 77.26310790010925 156.5661285094129
-53.06593071806961 -31.59187610577092 178.1906178381063
-46.51850062442484 54.05278259795433 168.123367014254
-69.98011902164308 42.44216859576822 152.0172020320851
61.51248350568408 -43.95381758837761 162.4240049249442
-8.466831082912096 -71.8714502781215 166.8049945544663
-25.37676785514065 0.6479801970635404 198.4285009196159
-18.1306801966503 0.5244456245311295 200.1942536550622
-78.28457624809879 23.14884945787812 152.4223513072072
-20.80726371954056 -78.76814249824743 152.7391799626675
14.6711181286836 65.87592191503349 172.5229654183055
4.697759852342618 17.02678230450475 200.2885360204978
2.739766753729137 -14.86462188889901 200.7498578193664
11.7452457017215 -14.83458351255391 200.0332401694799
4.945001716158095 -23.24420623470526 198.8777465654125
-3.720384879316818 -26.30449182626219 198.0808290498668
-39.11820069078566 -55.34032940763928 172.2190832122219
-51.99952724237484 25.03824938876539 181.6459017258873
36.13481494866365 30.05243878419062 189.089354983767
24.54064983846746 40.42701549304687 188.913958992251
69.53571963638178 23.42795071934252 165.4969802758904
71.17834529310632 -22.99185953090948 163.5632108507907
-4.276755462442521 70.24021067149087 169.2623165893728
28.96609830598469 15.14664151558033 195.9973511204068
-58.26671873462804 41.94026223124058 167.5326332777713
70.0984540269599 -55.01081680876612 132.8914127362766
-54.26679167649555 60.34765530270429 153.3275411327001
69.86838756197727 54.81806370609116 134.0289057388028
-10.88990568584542 -20.64053617699927 198.9908884126874
-50.16786720480359 -48.2115788142996 170.1899390957805
87.00519113401423 -20.63917999446551 131.6361032741505
87.22898499841233 20.70098346579386 130.6536548750018
2 7 0 114
668
669
670
671
672
673
674
675
676
677
678
679
680
681
682
683
684
685
686
687
688
689
690
691
692
693
694
695
696
697
698
699
700
701
702
703
704
705
706
707
708
709
710
711
712
713
714
715
716
717
718
719
720
721
722
723
724
725
726
727
728
729
730
731
732
733
734
735
736
737
738
739
740
741
742
743
744
745
746
747
748
749
750
751
752
753
754
755
756
757
758
759
760
761
762
763
764
765
766
767
768
769
770
771
772
773
774
775
776
777
778
779
780
781
53.37420303151595 28.79161814155574 -179.1826363731634
53.37420303168197 -28.79161814177528 -179.182636372944
-88.10646740824754 0.3745537214710719 -136.4784839133427
-65.74114041578513 -59.36691732689339 -134.8529994957113
-10.26620102513724 -12.87340890399424 -200.5145317598342
-19.24986289241337 -6.760659657899275 -199.7091760056536
-3.255697363895774 -18.71593114496303 -200.0173003152823
-13.44255561756031 -23.56291141240027 -197.909538186935
-3.803632212669268 -30.25055549740335 -196.80113060375
-15.22269744471385 -34.20650277824504 -194.0368053306919
-4.405041404527122 -44.44050111040916 -190.4340566630835
9.280292602840484 -37.50533080503814 -193.4938700169678
9.025418229696319 -51.26482462566559 -185.8581543532323
-64.61195872993456 57.43542918727407 -141.4716739808174
-11.30563860973514 13.72682433017367 -200.2649257986435
-3.482005626286456 19.35029152613956 -199.8745895938998
-12.70234866938366 23.26896907480571 -198.097703809334
-18.7018911172508 7.553235870122648 -199.7618398682246
-9.760716116833231 -58.28007042385454 -180.5135576487043
-25.07965696882725 -25.31639542964732 -194.8179870592063
-27.9366073293448 -37.91928001443947 -189.0295778434412
-39.35924321201117 -27.69612746619151 -188.4077451349943
-9.876136440833051 87.88549632379765 -135.3495851035436
8.98718040374637 -66.54455802216508 -172.8892072300583
7.369608121644923 -24.6424872895206 -198.3314026624688
-41.98973426525894 -45.80638216203567 -177.8427414655281
-54.38116477593284 -29.65643576082734 -178.0234131426582
-49.9971835034422 -13.42980075303766 -186.0521011771327
-10.42912526575041 -71.51579909763281 -166.9273556879143
-63.88300075756396 -13.96485688482635 -174.7143337012396
-58.11172021586916 2.606750520965669 -181.275752014791
-47.11399010490522 3.045182391434265 -188.9620085901935
-50.30814642640507 18.2319554629292 -184.8377324825997
-63.4682853710959 17.86373420705749 -174.161232471273
-53.68559822962406 33.71277570723584 -176.6731227470335
-37.67466966209144 34.26821289394722 -186.6179407900486
-41.30262967038978 47.70726514749181 -176.9485596145096
-24.98385360566903 46.45760641027559 -185.3757113773291
-19.04253378866318 17.02478790219263 -198.3829084370557
-27.48133057938096 60.74707484233641 -173.3921869609052
-9.978933477746214 57.37084664556322 -181.2250436420925
52.5939985575327 69.64570963367208 -139.109215814798
52.59399855753289 -69.64570963367197 -139.1092158147979
-36.17717033032163 -13.50163822779226 -193.5040005751624
27.87678162975761 -57.02753165696645 -176.5938861989634
-7.857561254183382 43.26340545631471 -190.8117347880818
6.690387407076196 51.3575906192596 -186.0370738661593
5.474576105330306 65.54843337663354 -174.3228722798973
23.71225430796372 57.38475937275193 -177.8875422103777
23.81742710321436 40.06951116180573 -189.3168610160349
7.047545850340998 -80.39102038465745 -154.1770974488018
-68.03012487746895 -30.57123912722072 -163.8637303515294
-29.20518489071606 -62.57221598484831 -170.7928857864519
-30.15311761732 -72.90102462266486 -157.3310691504183
20.58065823316098 -28.04241048109559 -195.1707679964175
26.31476178449437 9.383829656432535 -197.6554450858837
26.27970068786458 73.13912146870329 -159.2346041168456
-69.10733348332046 35.48326390675803 -159.2860471264281
77.37975760917021 -34.81276517214519 -145.5590282968354
76.58506745577962 36.01151209918169 -146.0818297640818
-27.0753133766789 10.43712035776426 -197.3040315460413
-25.81090746311937 28.32482399711322 -193.6391140643111
-44.49963552579247 63.96542469835477 -158.9101919974839
-81.10440669248575 -32.60556795989149 -138.6871426439227
-81.79730706526182 32.24251561235166 -137.0854341641135
-47.42248126747123 -58.98333342502784 -162.3075008818844
-39.95258999577608 78.82464225399514 -135.5825394783062
21.4456050081501 85.59436141396263 -136.0325050652132
42.08469503050094 61.00347770337075 -164.5110461492354
17.47270100345682 -14.92123852012637 -199.0845742015378
-78.29382858885948 -10.89485567558808 -157.0678077321049
-78.63598791067085 13.40054665954302 -155.8345585179812
-26.83568046248538 1.481436346356768 -197.9866558090889
-35.79620599646412 2.618945895862186 -194.7099330577781
24.94876210194665 -85.00610864632893 -134.8096908966838
7.394337572290902 35.66294475731316 -194.483596887821
-23.31570813059322 76.44963285420366 -155.5612926816882
41.41657523572606 44.7493719615438 -178.8923871323301
30.2319115223828 -72.54600556250793 -157.8237242655503
48.95617065210254 -53.10249836828766 -166.9861213114932
-7.508090901909819 -88.86013159679715 -132.6164891972329
-35.26178302190935 19.87624391450383 -192.6168359716525
23.87662956433349 -42.20020370549995 -188.1859921460481
-37.52261853267832 -79.46375637531061 -137.2316823052926
60.34717788236817 47.74969836291953 -160.4200796100523
-56.01357434361366 -43.34380860092278 -168.7179167309181
-65.85081726682198 -47.30380274699675 -153.4743615360231
21.31617311614578 23.73244502519006 -196.2924783327541
7.072386305243356 19.3014234189433 -199.6740564820845
15.5357669013825 12.78922968716101 -199.7723540450787
36.53033694735221 20.50642777881216 -191.9086131140387
-12.13579467771444 69.98282104591607 -168.4733037034478
-16.64563467569459 -45.8509615636675 -188.0039240675134
-26.78654175289934 -51.33487473777234 -181.4927396074413
-70.62565715467956 1.55893175436177 -168.9371384040225
39.66399123449108 -42.82869664459395 -181.1088640260521
-5.441074460320175 30.41889326218348 -196.6549804767224
1.796034796929326 79.29178132700262 -156.62175107178
-56.8012012308697 49.54048190151713 -162.7575984261575
-24.17466350551484 -14.89373354312499 -197.508641547801
-14.5119928664134 0.1052336283458964 -200.8481754848639
-19.64547069542488 0.9973582625965781 -199.8724694088864
36.36448880258239 -23.79319802849848 -191.0895041402
4.129950541141387 -15.81094968452344 -200.5370497564461
70.8537934675651 -24.03539722365939 -163.5354054020004
74.78583903137363 23.41625946817797 -158.1949901223399
65.93884789428022 -46.00306591197747 -154.7189698570219
70.09845402697334 55.01081680873961 -132.8914127362991
-19.17084453064967 36.73460381875248 -192.1404139401608
87.01777017642293 -22.96492602817276 -129.0924028357825
87.00519113400769 20.63917999448753 -131.6361032741558
75.31023366599726 -48.43506085305924 -131.1285017294966
-16.07646789388905 -81.30730923546739 -149.9333024547787
-27.86883774912502 -6.969676695354289 -197.3999513116293
2 8 0 118
782
783
784
785
786
787
788
789
790
791
792
793
794
795
796
797
798
799
800
801
802
803
804
805
806
807
808
809
810
811
812
813
814
815
816
817
818
819
820
821
822
823
824
825
826
827
828
829
830
831
832
833
834
835
836
837
838
839
840
841
842
843
844
845
846
847
848
849
850
851
852
853
854
855
856
857
858
859
860
861
862
863
864
865
866
867
868
869
870
871
872
873
874
875
876
877
878
879
880
881
882
883
884
885
886
887
888
889
890
891
892
893
894
895
896
897
898
899
87.92875902531672 -27.06535306009851 -0.03295466594559571
87.64435477237197 27.97261297295262 -0.1492266707883658
-41.00792873144128 -82.35502280466586 80.76169067657725
-85.7874451052008 33.23423328921788 80.76169067657725
-8.488689070624018 91.60754421914315 -80.76169067657716
-85.78744510520067 -33.23423328921824 -80.76169067657719
-8.488689070623533 -91.60754421914321 -80.76169067657726
-8.488689070624018 91.60754421914315 80.76169067657716
50.08147426780715 77.17412736897626 80.84878043895867
55.44238654689151 73.41758490978209 -80.76169067657715
55.4423865468917 -73.41758490978195 80.76169067657725
55.4423865468917 -73.41758490978195 -80.76169067657725
-85.78744510520067 -33.23423328921824 80.76169067657719
-85.7874451052008 33.23423328921788 -80.76169067657722
87.97382431231523 -26.91851102616734 62.85714285714278
87.76867521803241 27.58005892799259 -62.17906404871321
88.13427423482942 26.38843885302584 62.10145840652692
87.97382431231529 -26.91851102616718 -62.857142857143
87.91042240182182 -27.1248526840841 31.39047114367881
75.89553568082728 -51.99872752020259 15.65970006112219
74.58522260678895 -53.86134577501512 -19.58512452092613
56.11714581753902 -72.9031271297265 -0.2707040640141969
57.41159129942231 -71.88817138075009 31.58301618906376
31.86677732873662 -86.30474206369381 16.08320820143371
26.35823488769935 -88.14331201858067 -20.28298962852395
1.383755364998445 -91.98959300426239 0.1225348206770747
3.24672648719878 -91.94269284242942 32.72645304252762
-25.97064147899699 -88.25829015548285 16.22423715595792
-25.46510048102097 -88.40547866219325 -17.52894895395468
-51.90284478423504 -75.96113942868159 -0.8196838116331264
-51.79527463670997 -76.03452850717093 -34.48442377441469
-72.93772012845257 -56.07217654473141 -18.46060315446597
-73.07316236276424 -55.89555386884628 15.98973753970449
-87.07797482784487 -29.68882449476933 -1.7063962860217
-87.14616070859678 -29.48807680659121 31.7573718355651
-91.9933021779718 -1.110114585242421 15.6478865945264
-91.98887270067083 -1.430838656095746 -17.89053088049887
-87.76740545598163 27.58409939666921 -1.102944222047299
-88.08470564380555 26.55342975293644 31.94838941413559
-75.00629000218466 53.27341231898117 15.81917780048273
-74.73463474755698 53.65383834498002 -18.03195694928414
-54.13722152431654 74.38522195723475 -1.153899436060811
-54.1534815940451 74.3733852345274 32.54250626129829
-28.01979907483564 87.62928083583614 15.65945414631564
-54.10689587319157 74.40728337311883 -34.98581996944273
-76.41959586770152 -51.22543672256174 51.37249177083822
-74.26674974735781 -54.29963058772435 -51.67002609274567
-53.71264819329313 -74.69237862100472 -67.83788268452591
-25.45183542517452 88.40929856915409 50.52025804477259
1.06591088290786 91.99382497749346 32.46709102771092
0.9266626391644252 91.99533301398053 -1.113579081331665
29.62541409860108 87.09956853788891 15.4764824850224
29.53486535725763 87.13031463462451 -17.87935016008804
55.02756692436579 73.72900974775428 -1.287318985515014
55.53882773234326 73.3446563433022 30.95950987225942
55.42690195489201 73.42927576711341 -33.46351557573028
35.91457701928647 84.70031379827196 -52.60555890983487
-53.8873408703539 74.56644348446751 66.37700923100647
-74.1785158605397 54.42010460048437 -51.88864202935616
-54.56442216540712 74.07242289648171 -68.41052233974838
74.99323163509683 53.29179307289924 -18.00181845106049
-26.85727512361303 -87.99253816622496 50.36072500020083
5.0712941032994 -91.86012179459507 66.24726971126526
-25.17667744343914 88.48804954856347 -52.90757412187844
-27.66813194329013 87.74095095660115 -18.1414123128425
75.06332936865122 53.19301254951991 15.18906044996534
-78.22225173450403 48.42808414116629 51.68384026915476
-87.79744595314344 27.48833359999943 -34.86383181001619
-91.9999900470908 0.04279410231059728 -61.01744743592631
-88.0973798363766 -26.51134975751301 -41.72663248617884
-54.15658887268587 -74.37112263288 32.7571663134608
-25.31143718879978 -88.44959664937679 -51.23608658186634
9.600824975908521 -91.49767297468264 -51.40550433215685
25.17355376048515 -88.48893824127377 -80.76499886497267
75.46834301338396 52.61681482961716 47.38742457994755
4.662359511414464 91.881784940141 -34.26488022296672
87.5725260119777 28.19667866755742 -31.61757931405883
87.65559252280475 27.93737817827609 31.26370853949433
87.94219984188371 -27.02164848728128 -30.5746223518053
40.88583973701728 -82.41570304862381 -51.50199572004705
62.27990389330471 -67.71420509051798 -51.54565971383952
41.2065694894504 -82.25581214060861 52.32777833578066
21.39115604884566 89.47859209271195 80.83213884581289
33.22981851578418 85.78915526689867 49.56585628655984
-91.99998771072269 -0.04755235927308666 80.59757372940163
75.02968256247216 53.24046144216504 -49.42345545075514
-67.97090575459565 -61.99964492559515 81.55843686610501
76.25740386717069 -51.46657512832207 47.14285407314256
74.66107701157217 53.75614922473603 -81.72661873276603
-91.98965773789797 -1.379445274155113 47.00109235295747
77.19520397658866 -50.04898083890292 81.83406301175401
77.19520397660168 50.04898083888283 81.83406301174048
77.19520397658856 -50.04898083890305 -81.83406301175405
24.82463769463204 88.58745601568121 -81.0697527300723
33.63946957966957 -85.62935294861504 82.34202978661773
-73.68256145068017 -55.08974621530527 -82.71978094460343
-73.85901781952082 54.85294419386901 82.96852916462186
53.83373530201775 -74.60515359834257 -27.45691332954921
-71.59210982944839 57.78035834233116 -83.87718989617875
-31.99841101902663 86.25602409256663 83.7070096177589
-31.97149230529675 86.26600535420862 -84.06313842490434
-92 -1.521584507696572e-13 -88.81891603998332
-55.2447747104892 -73.56639767711407 59.56750008904919
-18.67645232220559 -90.08435007622789 84.26970650584846
6.124336102652589 91.79592859872243 58.54660613058209
-0.955959506122729 -91.99503324322816 -26.68095809810363
-33.70584351732959 -85.60324826071317 -84.78741146481009
89.05517714454641 -23.09059167179267 87.45144846019417
89.05517714454642 -23.0905916717926 -87.45144846019433
89.05517714455264 23.09059167176856 87.45144846018846
88.37466957343777 25.57181608305698 -86.86879797944049
-89.37832005148523 21.80632717296227 57.82838889698772
5.926850166638834 91.80889089354153 -59.61024654292285
60.17271415395794 -69.59342261554659 56.3919907677747
59.1605692061253 70.45585178824579 56.28465437578362
-88.51238425630369 -25.09099107776419 57.32756132112181
79.22579245692913 -46.76829919477072 -47.59216579824562
57.20209439211271 72.05498176500933 -56.66141242076372
3 1 0 0
$EndNodes
$Elements
33 4634 1 4634
0 1 15 1
1 1 
0 2 15 1
2 2 
0 3 15 1
3 3 
0 4 15 1
4 4 
0 5 15 1
5 5 
0 6 15 1
6 6 
0 7 15 1
7 7 
0 8 15 1
8 8 
1 1 1 18
9 1 9 
10 9 10 
11 10 11 
12 11 12 
13 12 13 
14 13 14 
15 14 15 
16 15 16 
17 16 17 
18 17 18 
19 18 19 
20 19 20 
21 20 21 
22 21 22 
23 22 23 
24 23 24 
25 24 25 
26 25 1 
1 2 1 7
27 2 26 
28 26 27 
29 27 28 
30 28 29 
31 29 30 
32 30 31 
33 31 1 
1 3 1 18
34 2 32 
35 32 33 
36 33 34 
37 34 35 
38 35 36 
39 36 37 
40 37 38 
41 38 39 
42 39 40 
43 40 41 
44 41 42 
45 42 43 
46 43 44 
47 44 45 
48 45 46 
49 46 47 
50 47 48 
51 48 2 
1 4 1 5
52 1 49 
53 49 50 
54 50 51 
55 51 52 
56 52 3 
1 5 1 7
57 3 53 
58 53 54 
59 54 55 
60 55 56 
61 56 57 
62 57 58 
63 58 3 
1 6 1 5
64 4 59 
65 59 60 
66 60 61 
67 61 62 
68 62 2 
1 7 1 7
69 4 63 
70 63 64 
71 64 65 
72 65 66 
73 66 67 
74 67 68 
75 68 4 
1 8 1 1
76 5 3 
1 9 1 7
77 5 69 
78 69 70 
79 70 71 
80 71 72 
81 72 73 
82 73 74 
83 74 5 
1 10 1 7
84 6 75 
85 75 76 
86 76 77 
87 77 78 
88 78 79 
89 79 80 
90 80 6 
1 11 1 1
91 4 6 
1 12 1 17
92 7 81 
93 81 82 
94 82 83 
95 83 84 
96 84 85 
97 85 86 
98 86 87 
99 87 88 
100 88 89 
101 89 90 
102 90 91 
103 91 92 
104 92 93 
105 93 94 
106 94 95 
107 95 96 
108 96 7 
1 13 1 4
109 7 97 
110 97 98 
111 98 99 
112 99 5 
1 14 1 4
113 6 100 
114 100 101 
115 101 102 
116 102 8 
1 15 1 17
117 8 103 
118 103 104 
119 104 105 
120 105 106 
121 106 107 
122 107 108 
123 108 109 
124 109 110 
125 110 111 
126 111 112 
127 112 113 
128 113 114 
129 114 115 
130 115 116 
131 116 117 
132 117 118 
133 118 8 
1 16 1 7
134 8 119 
135 119 120 
136 120 121 
137 121 122 
138 122 123 
139 123 124 
140 124 7 
2 1 2 298
141 1 235 9 
142 25 233 1 
143 1 233 31 
144 31 235 1 
145 26 234 2 
146 2 236 26 
147 32 236 2 
148 2 234 48 
149 9 215 10 
150 9 235 215 
151 10 134 11 
152 10 215 134 
153 11 197 12 
154 134 197 11 
155 12 130 13 
156 12 197 130 
157 13 193 14 
158 130 193 13 
159 14 226 15 
160 193 226 14 
161 15 138 16 
162 15 226 138 
163 16 224 17 
164 138 224 16 
165 17 131 18 
166 17 224 131 
167 18 207 19 
168 131 207 18 
169 19 139 20 
170 19 207 139 
171 20 205 21 
172 139 205 20 
173 21 128 22 
174 21 205 128 
175 22 202 23 
176 128 202 22 
177 23 136 24 
178 23 202 136 
179 24 217 25 
180 136 217 24 
181 217 233 25 
182 26 140 27 
183 27 142 26 
184 26 236 140 
185 142 234 26 
186 27 144 28 
187 28 196 27 
188 140 144 27 
189 27 196 142 
190 29 125 28 
191 28 126 29 
192 125 196 28 
193 28 144 126 
194 29 194 30 
195 30 195 29 
196 29 195 125 
197 126 194 29 
198 30 141 31 
199 31 143 30 
200 30 194 141 
201 143 195 30 
202 141 235 31 
203 31 233 143 
204 33 214 32 
205 214 236 32 
206 34 135 33 
207 135 214 33 
208 35 201 34 
209 34 201 135 
210 36 133 35 
211 133 201 35 
212 37 239 36 
213 36 239 133 
214 38 225 37 
215 37 225 183 
216 183 239 37 
217 39 129 38 
218 129 225 38 
219 40 227 39 
220 39 227 129 
221 41 185 40 
222 185 227 40 
223 42 127 41 
224 127 185 41 
225 43 212 42 
226 42 212 127 
227 44 206 43 
228 206 212 43 
229 45 132 44 
230 132 206 44 
231 46 203 45 
232 45 203 132 
233 47 137 46 
234 137 203 46 
235 48 216 47 
236 47 216 137 
237 48 234 216 
238 195 246 125 
239 125 242 196 
240 125 246 242 
241 144 145 126 
242 145 146 126 
243 146 194 126 
244 127 218 185 
245 212 231 127 
246 127 231 218 
247 128 204 202 
248 128 240 204 
249 205 240 128 
250 129 160 159 
251 159 225 129 
252 129 184 160 
253 129 227 184 
254 130 220 193 
255 197 198 130 
256 198 220 130 
257 182 191 131 
258 131 224 182 
259 191 222 131 
260 131 222 207 
261 203 221 132 
262 132 237 206 
263 221 237 132 
264 133 232 201 
265 211 232 133 
266 133 239 211 
267 134 199 197 
268 134 200 199 
269 134 215 200 
270 201 219 135 
271 135 244 214 
272 219 244 135 
273 202 209 136 
274 209 238 136 
275 136 238 217 
276 137 247 203 
277 137 229 210 
278 210 247 137 
279 216 229 137 
280 181 182 138 
281 138 189 181 
282 182 224 138 
283 138 226 189 
284 139 223 205 
285 207 208 139 
286 208 223 139 
287 140 213 144 
288 140 214 213 
289 140 236 214 
290 194 243 141 
291 215 235 141 
292 141 243 215 
293 196 241 142 
294 216 234 142 
295 142 241 216 
296 143 248 195 
297 143 233 217 
298 217 248 143 
299 144 213 145 
300 145 147 146 
301 145 148 147 
302 145 213 148 
303 147 228 146 
304 146 243 194 
305 146 228 200 
306 200 243 146 
307 148 149 147 
308 149 150 147 
309 150 228 147 
310 148 219 149 
311 213 244 148 
312 148 244 219 
313 149 151 150 
314 149 152 151 
315 149 219 152 
316 151 245 150 
317 198 199 150 
318 150 245 198 
319 199 228 150 
320 152 153 151 
321 153 154 151 
322 154 245 151 
323 152 211 153 
324 152 232 211 
325 219 232 152 
326 153 155 154 
327 153 156 155 
328 153 211 156 
329 155 158 154 
330 158 220 154 
331 220 245 154 
332 156 157 155 
333 157 192 155 
334 155 192 158 
335 156 159 157 
336 156 183 159 
337 156 211 183 
338 159 160 157 
339 160 161 157 
340 161 192 157 
341 158 192 189 
342 189 193 158 
343 193 220 158 
344 183 225 159 
345 160 162 161 
346 160 184 162 
347 162 163 161 
348 163 181 161 
349 181 192 161 
350 162 164 163 
351 162 165 164 
352 162 184 165 
353 164 191 163 
354 163 182 181 
355 163 191 182 
356 165 166 164 
357 166 167 164 
358 167 191 164 
359 165 218 166 
360 184 185 165 
361 185 218 165 
362 166 168 167 
363 166 169 168 
364 166 218 169 
365 168 249 167 
366 167 222 191 
367 167 249 222 
368 169 170 168 
369 170 171 168 
370 171 249 168 
371 169 173 170 
372 169 231 173 
373 218 231 169 
374 170 172 171 
375 170 190 172 
376 173 190 170 
377 172 174 171 
378 174 223 171 
379 171 223 208 
380 208 249 171 
381 172 175 174 
382 172 176 175 
383 172 190 176 
384 173 237 190 
385 173 212 206 
386 206 237 173 
387 173 231 212 
388 175 240 174 
389 205 223 174 
390 174 240 205 
391 176 177 175 
392 177 230 175 
393 175 230 204 
394 204 240 175 
395 176 178 177 
396 176 221 178 
397 190 221 176 
398 178 179 177 
399 179 180 177 
400 180 230 177 
401 178 210 179 
402 178 247 210 
403 221 247 178 
404 179 186 180 
405 179 187 186 
406 179 210 187 
407 186 188 180 
408 188 209 180 
409 209 230 180 
410 189 192 181 
411 211 239 183 
412 184 227 185 
413 187 242 186 
414 186 246 188 
415 242 246 186 
416 210 229 187 
417 229 241 187 
418 241 242 187 
419 188 238 209 
420 188 248 238 
421 246 248 188 
422 189 226 193 
423 190 237 221 
424 195 248 246 
425 196 242 241 
426 197 199 198 
427 198 245 220 
428 200 228 199 
429 215 243 200 
430 201 232 219 
431 204 209 202 
432 203 247 221 
433 204 230 209 
434 207 222 208 
435 222 249 208 
436 214 244 213 
437 216 241 229 
438 238 248 217 
2 2 2 321
439 9 386 1 
440 1 385 25 
441 49 385 1 
442 1 386 49 
443 52 271 3 
444 3 273 52 
445 3 271 53 
446 58 273 3 
447 10 329 9 
448 329 386 9 
449 11 266 10 
450 266 329 10 
451 12 357 11 
452 11 357 266 
453 13 264 12 
454 264 357 12 
455 14 346 13 
456 13 346 264 
457 15 257 14 
458 257 346 14 
459 16 384 15 
460 15 384 257 
461 17 342 16 
462 16 342 339 
463 339 384 16 
464 18 262 17 
465 262 342 17 
466 19 392 18 
467 18 392 262 
468 20 252 19 
469 252 371 19 
470 371 392 19 
471 21 353 20 
472 20 353 252 
473 22 263 21 
474 263 353 21 
475 23 327 22 
476 22 327 263 
477 24 265 23 
478 265 393 23 
479 23 393 327 
480 25 345 24 
481 24 345 265 
482 25 385 345 
483 50 267 49 
484 49 268 50 
485 267 385 49 
486 49 386 268 
487 50 319 51 
488 51 335 50 
489 50 335 267 
490 268 319 50 
491 51 250 52 
492 52 251 51 
493 51 319 250 
494 251 335 51 
495 250 389 52 
496 52 391 251 
497 52 369 271 
498 273 391 52 
499 52 389 369 
500 53 376 54 
501 271 272 53 
502 272 376 53 
503 54 258 55 
504 54 260 258 
505 54 376 260 
506 55 366 56 
507 258 261 55 
508 55 261 259 
509 259 366 55 
510 56 253 57 
511 56 256 253 
512 254 256 56 
513 56 366 254 
514 57 375 58 
515 253 255 57 
516 255 375 57 
517 58 274 273 
518 58 375 274 
519 250 317 316 
520 316 362 250 
521 250 319 317 
522 362 389 250 
523 251 347 335 
524 251 360 347 
525 251 372 360 
526 251 391 372 
527 353 354 252 
528 354 370 252 
529 370 371 252 
530 253 322 255 
531 256 322 253 
532 254 388 256 
533 259 349 254 
534 254 366 259 
535 254 349 336 
536 336 388 254 
537 255 373 274 
538 274 375 255 
539 322 374 255 
540 255 374 373 
541 256 377 322 
542 256 388 377 
543 257 365 337 
544 337 390 257 
545 257 390 346 
546 257 384 365 
547 260 309 258 
548 258 309 261 
549 261 350 259 
550 259 350 349 
551 272 352 260 
552 260 376 272 
553 260 351 309 
554 260 352 351 
555 309 312 261 
556 312 313 261 
557 313 350 261 
558 262 332 331 
559 331 356 262 
560 262 392 332 
561 262 356 342 
562 323 324 263 
563 263 326 323 
564 324 353 263 
565 263 327 326 
566 341 367 264 
567 264 383 341 
568 346 383 264 
569 264 367 357 
570 265 345 333 
571 333 393 265 
572 328 329 266 
573 266 358 328 
574 266 357 330 
575 330 358 266 
576 335 348 267 
577 267 348 345 
578 345 385 267 
579 268 328 319 
580 268 329 328 
581 268 386 329 
582 273 274 269 
583 269 391 273 
584 274 275 269 
585 275 276 269 
586 276 372 269 
587 372 391 269 
588 270 362 344 
589 344 369 270 
590 270 389 362 
591 369 389 270 
592 271 369 272 
593 344 352 272 
594 272 369 344 
595 274 373 275 
596 275 277 276 
597 275 314 277 
598 275 373 314 
599 277 278 276 
600 278 360 276 
601 360 372 276 
602 277 279 278 
603 277 280 279 
604 277 314 280 
605 279 283 278 
606 283 291 278 
607 291 360 278 
608 280 281 279 
609 281 363 279 
610 279 363 283 
611 280 282 281 
612 280 380 282 
613 314 379 280 
614 379 380 280 
615 282 284 281 
616 284 323 281 
617 323 363 281 
618 282 285 284 
619 282 286 285 
620 282 380 286 
621 283 325 291 
622 283 326 325 
623 283 363 326 
624 285 354 284 
625 284 324 323 
626 284 354 324 
627 286 287 285 
628 287 382 285 
629 285 382 354 
630 286 288 287 
631 286 320 288 
632 286 321 320 
633 286 380 321 
634 288 289 287 
635 289 310 287 
636 310 382 287 
637 288 290 289 
638 288 292 290 
639 288 320 292 
640 290 355 289 
641 289 331 310 
642 289 355 331 
643 292 293 290 
644 293 294 290 
645 294 355 290 
646 325 333 291 
647 333 347 291 
648 347 360 291 
649 292 334 293 
650 320 388 292 
651 292 336 334 
652 292 388 336 
653 293 295 294 
654 293 340 295 
655 334 340 293 
656 295 296 294 
657 296 387 294 
658 294 387 355 
659 295 297 296 
660 295 298 297 
661 295 340 298 
662 297 303 296 
663 303 318 296 
664 318 387 296 
665 298 299 297 
666 299 364 297 
667 297 364 303 
668 298 300 299 
669 298 359 300 
670 340 359 298 
671 300 301 299 
672 301 337 299 
673 337 364 299 
674 300 302 301 
675 300 304 302 
676 300 368 304 
677 359 368 300 
678 302 361 301 
679 301 338 337 
680 301 361 338 
681 304 305 302 
682 305 306 302 
683 306 361 302 
684 303 339 318 
685 303 365 339 
686 364 365 303 
687 304 315 305 
688 304 381 315 
689 368 381 304 
690 305 307 306 
691 305 343 307 
692 315 343 305 
693 307 308 306 
694 308 341 306 
695 341 361 306 
696 307 311 308 
697 307 316 311 
698 307 343 316 
699 311 330 308 
700 330 367 308 
701 308 367 341 
702 309 381 312 
703 351 381 309 
704 331 332 310 
705 332 370 310 
706 370 382 310 
707 316 317 311 
708 317 358 311 
709 311 358 330 
710 312 359 313 
711 312 368 359 
712 312 381 368 
713 313 340 334 
714 334 350 313 
715 313 359 340 
716 373 374 314 
717 374 379 314 
718 315 344 343 
719 315 351 344 
720 315 381 351 
721 343 362 316 
722 319 328 317 
723 328 358 317 
724 339 342 318 
725 342 356 318 
726 356 387 318 
727 321 377 320 
728 377 388 320 
729 321 378 377 
730 321 379 378 
731 321 380 379 
732 322 378 374 
733 377 378 322 
734 326 363 323 
735 324 354 353 
736 326 393 325 
737 325 393 333 
738 327 393 326 
739 357 367 330 
740 355 356 331 
741 332 371 370 
742 332 392 371 
743 345 348 333 
744 333 348 347 
745 336 349 334 
746 349 350 334 
747 347 348 335 
748 338 390 337 
749 337 365 364 
750 338 383 346 
751 346 390 338 
752 361 383 338 
753 365 384 339 
754 341 383 361 
755 344 362 343 
756 351 352 344 
757 354 382 370 
758 355 387 356 
759 378 379 374 
2 3 2 323
760 2 528 32 
761 48 529 2 
762 62 528 2 
763 2 529 62 
764 4 415 59 
765 59 417 4 
766 63 415 4 
767 4 417 68 
768 32 485 33 
769 32 528 485 
770 33 409 34 
771 33 485 409 
772 34 498 35 
773 409 498 34 
774 35 407 36 
775 35 498 407 
776 36 489 37 
777 407 489 36 
778 37 401 38 
779 37 489 401 
780 38 527 39 
781 401 527 38 
782 39 486 40 
783 481 486 39 
784 39 527 481 
785 40 406 41 
786 40 486 406 
787 41 537 42 
788 406 537 41 
789 42 396 43 
790 42 516 396 
791 42 537 516 
792 43 496 44 
793 396 496 43 
794 44 408 45 
795 44 496 408 
796 45 472 46 
797 408 472 45 
798 46 410 47 
799 46 538 410 
800 472 538 46 
801 47 490 48 
802 410 490 47 
803 490 529 48 
804 59 394 60 
805 60 395 59 
806 59 532 394 
807 395 536 59 
808 415 513 59 
809 59 536 417 
810 513 532 59 
811 60 469 61 
812 61 477 60 
813 394 469 60 
814 60 477 395 
815 61 411 62 
816 62 412 61 
817 61 469 411 
818 412 477 61 
819 411 528 62 
820 62 529 412 
821 64 521 63 
822 63 416 415 
823 63 521 416 
824 65 402 64 
825 402 404 64 
826 404 521 64 
827 66 511 65 
828 65 405 402 
829 403 405 65 
830 65 511 403 
831 67 397 66 
832 397 400 66 
833 66 400 398 
834 398 511 66 
835 68 522 67 
836 67 399 397 
837 67 522 399 
838 417 418 68 
839 418 522 68 
840 394 506 460 
841 460 535 394 
842 394 535 469 
843 394 532 506 
844 477 491 395 
845 491 503 395 
846 503 510 395 
847 510 536 395 
848 396 497 496 
849 396 515 497 
850 396 516 515 
851 399 465 397 
852 397 465 400 
853 400 531 398 
854 398 492 403 
855 403 511 398 
856 480 492 398 
857 398 531 480 
858 418 517 399 
859 399 522 418 
860 399 518 465 
861 517 518 399 
862 465 523 400 
863 523 531 400 
864 478 509 401 
865 401 534 478 
866 489 534 401 
867 509 527 401 
868 402 453 404 
869 405 453 402 
870 403 493 405 
871 492 493 403 
872 453 494 404 
873 494 495 404 
874 495 521 404 
875 405 456 453 
876 405 457 456 
877 405 493 457 
878 473 474 406 
879 406 500 473 
880 474 537 406 
881 486 500 406 
882 407 512 482 
883 482 526 407 
884 407 526 489 
885 498 512 407 
886 408 467 466 
887 466 471 408 
888 408 496 467 
889 471 472 408 
890 470 498 409 
891 409 502 470 
892 409 485 484 
893 484 502 409 
894 475 490 410 
895 410 538 475 
896 469 484 411 
897 484 485 411 
898 485 528 411 
899 412 504 477 
900 490 504 412 
901 412 529 490 
902 413 418 417 
903 417 536 413 
904 413 419 418 
905 413 420 419 
906 413 510 420 
907 413 536 510 
908 488 506 414 
909 414 513 488 
910 506 532 414 
911 414 532 513 
912 416 513 415 
913 416 495 488 
914 488 513 416 
915 416 521 495 
916 419 517 418 
917 420 421 419 
918 421 458 419 
919 458 517 419 
920 420 422 421 
921 420 503 422 
922 420 510 503 
923 422 423 421 
924 423 424 421 
925 424 458 421 
926 422 427 423 
927 422 435 427 
928 422 503 435 
929 423 425 424 
930 423 507 425 
931 427 507 423 
932 425 426 424 
933 426 520 424 
934 424 520 458 
935 425 428 426 
936 425 466 428 
937 425 507 466 
938 428 429 426 
939 429 430 426 
940 430 464 426 
941 464 520 426 
942 435 468 427 
943 468 471 427 
944 471 507 427 
945 428 497 429 
946 466 467 428 
947 467 497 428 
948 429 431 430 
949 429 525 431 
950 497 525 429 
951 431 432 430 
952 432 463 430 
953 463 464 430 
954 431 433 432 
955 431 455 433 
956 431 525 455 
957 433 434 432 
958 434 436 432 
959 436 463 432 
960 433 499 434 
961 455 473 433 
962 473 499 433 
963 434 437 436 
964 434 438 437 
965 434 499 438 
966 435 475 468 
967 435 491 475 
968 435 503 491 
969 437 476 436 
970 436 531 463 
971 476 480 436 
972 480 531 436 
973 438 439 437 
974 439 483 437 
975 437 483 476 
976 438 440 439 
977 438 530 440 
978 499 530 438 
979 440 441 439 
980 441 442 439 
981 442 483 439 
982 440 447 441 
983 440 462 447 
984 440 530 462 
985 441 443 442 
986 441 508 443 
987 447 508 441 
988 443 444 442 
989 444 501 442 
990 442 501 483 
991 443 445 444 
992 443 478 445 
993 443 508 478 
994 445 446 444 
995 446 448 444 
996 448 514 444 
997 444 514 501 
998 445 505 446 
999 478 479 445 
1000 479 505 445 
1001 446 449 448 
1002 446 450 449 
1003 446 505 450 
1004 462 481 447 
1005 481 509 447 
1006 447 509 508 
1007 449 459 448 
1008 459 533 448 
1009 448 524 514 
1010 448 533 524 
1011 450 451 449 
1012 451 487 449 
1013 449 487 459 
1014 450 452 451 
1015 450 482 452 
1016 450 505 482 
1017 452 454 451 
1018 454 460 451 
1019 460 487 451 
1020 452 470 454 
1021 452 512 470 
1022 482 512 452 
1023 456 524 453 
1024 453 524 494 
1025 454 461 460 
1026 454 502 461 
1027 470 502 454 
1028 455 474 473 
1029 455 515 474 
1030 455 525 515 
1031 457 501 456 
1032 501 514 456 
1033 514 524 456 
1034 476 483 457 
1035 457 493 476 
1036 483 501 457 
1037 458 518 517 
1038 458 519 518 
1039 458 520 519 
1040 487 488 459 
1041 488 494 459 
1042 494 533 459 
1043 461 535 460 
1044 460 506 487 
1045 461 502 484 
1046 484 535 461 
1047 462 486 481 
1048 462 500 486 
1049 462 530 500 
1050 463 523 464 
1051 463 531 523 
1052 519 520 464 
1053 464 523 519 
1054 518 519 465 
1055 519 523 465 
1056 466 507 471 
1057 496 497 467 
1058 468 538 471 
1059 475 538 468 
1060 469 535 484 
1061 470 512 498 
1062 471 538 472 
1063 473 500 499 
1064 515 516 474 
1065 516 537 474 
1066 475 504 490 
1067 491 504 475 
1068 476 492 480 
1069 476 493 492 
1070 477 504 491 
1071 478 534 479 
1072 508 509 478 
1073 489 526 479 
1074 479 534 489 
1075 479 526 505 
1076 481 527 509 
1077 505 526 482 
1078 487 506 488 
1079 488 495 494 
1080 524 533 494 
1081 515 525 497 
1082 500 530 499 
2 4 2 28
1083 3 5 539 
1084 5 3 540 
1085 3 53 540 
1086 58 3 539 
1087 69 5 540 
1088 5 74 539 
1089 53 54 544 
1090 53 69 540 
1091 69 53 544 
1092 54 55 541 
1093 70 54 541 
1094 54 70 544 
1095 55 56 542 
1096 55 71 541 
1097 71 55 542 
1098 56 57 545 
1099 56 72 542 
1100 72 56 545 
1101 57 58 543 
1102 73 57 543 
1103 57 73 545 
1104 74 58 539 
1105 58 74 543 
1106 70 69 544 
1107 71 70 541 
1108 72 71 542 
1109 73 72 545 
1110 74 73 543 
2 5 2 28
1111 6 4 546 
1112 4 6 552 
1113 63 4 552 
1114 4 68 546 
1115 6 75 552 
1116 80 6 546 
1117 64 63 549 
1118 63 75 549 
1119 75 63 552 
1120 65 64 548 
1121 64 76 548 
1122 76 64 549 
1123 66 65 551 
1124 77 65 548 
1125 65 77 551 
1126 67 66 550 
1127 66 78 550 
1128 78 66 551 
1129 68 67 547 
1130 67 79 547 
1131 79 67 550 
1132 68 80 546 
1133 80 68 547 
1134 75 76 549 
1135 76 77 548 
1136 77 78 551 
1137 78 79 550 
1138 79 80 547 
2 6 2 260
1139 5 69 625 
1140 74 5 649 
1141 5 99 616 
1142 99 5 659 
1143 5 616 649 
1144 5 625 659 
1145 81 7 667 
1146 7 96 666 
1147 97 7 666 
1148 7 97 667 
1149 69 70 647 
1150 625 69 647 
1151 70 71 562 
1152 70 562 565 
1153 70 565 647 
1154 71 72 643 
1155 562 71 563 
1156 563 71 643 
1157 72 73 557 
1158 72 557 558 
1159 72 558 643 
1160 73 74 648 
1161 557 73 559 
1162 559 73 648 
1163 648 74 649 
1164 82 81 663 
1165 81 604 663 
1166 604 81 667 
1167 83 82 594 
1168 594 82 663 
1169 84 83 621 
1170 83 594 621 
1171 85 84 573 
1172 573 84 621 
1173 86 85 618 
1174 85 573 618 
1175 87 86 561 
1176 561 86 618 
1177 88 87 614 
1178 87 561 614 
1179 89 88 555 
1180 555 88 614 
1181 90 89 613 
1182 89 555 613 
1183 91 90 556 
1184 556 90 613 
1185 92 91 617 
1186 91 556 617 
1187 93 92 566 
1188 566 92 617 
1189 94 93 611 
1190 93 566 611 
1191 95 94 591 
1192 591 94 611 
1193 96 95 661 
1194 95 591 661 
1195 603 96 661 
1196 96 603 666 
1197 97 98 656 
1198 98 97 657 
1199 604 97 656 
1200 97 604 667 
1201 657 97 666 
1202 98 99 553 
1203 99 98 554 
1204 98 553 656 
1205 554 98 657 
1206 553 99 654 
1207 99 554 615 
1208 99 615 616 
1209 654 99 659 
1210 623 553 624 
1211 553 623 656 
1212 624 553 654 
1213 615 554 626 
1214 626 554 640 
1215 640 554 657 
1216 555 605 634 
1217 605 555 644 
1218 613 555 634 
1219 555 614 644 
1220 556 613 628 
1221 617 556 627 
1222 627 556 628 
1223 558 557 560 
1224 557 559 664 
1225 560 557 664 
1226 558 560 564 
1227 558 564 642 
1228 558 642 643 
1229 559 648 650 
1230 559 650 651 
1231 559 651 664 
1232 564 560 567 
1233 567 560 612 
1234 612 560 664 
1235 614 561 639 
1236 561 618 662 
1237 639 561 662 
1238 562 563 631 
1239 565 562 569 
1240 569 562 631 
1241 563 620 631 
1242 620 563 642 
1243 642 563 643 
1244 564 567 568 
1245 564 568 619 
1246 564 619 642 
1247 565 569 570 
1248 565 570 582 
1249 565 582 647 
1250 611 566 630 
1251 566 617 645 
1252 630 566 645 
1253 568 567 571 
1254 571 567 572 
1255 572 567 612 
1256 568 571 574 
1257 568 574 575 
1258 568 575 619 
1259 570 569 576 
1260 576 569 632 
1261 569 631 632 
1262 570 576 577 
1263 570 577 578 
1264 570 578 582 
1265 571 572 583 
1266 574 571 637 
1267 571 583 637 
1268 583 572 584 
1269 584 572 585 
1270 585 572 612 
1271 618 573 636 
1272 573 621 629 
1273 573 629 636 
1274 575 574 592 
1275 592 574 593 
1276 593 574 637 
1277 575 592 600 
1278 575 600 601 
1279 575 601 619 
1280 577 576 580 
1281 580 576 581 
1282 581 576 632 
1283 578 577 579 
1284 579 577 635 
1285 577 580 635 
1286 578 579 655 
1287 582 578 602 
1288 602 578 655 
1289 624 579 646 
1290 579 624 655 
1291 579 635 646 
1292 580 581 589 
1293 580 589 595 
1294 580 595 635 
1295 589 581 590 
1296 590 581 633 
1297 581 632 633 
1298 582 602 625 
1299 582 625 647 
1300 583 584 652 
1301 637 583 665 
1302 583 652 665 
1303 584 585 586 
1304 584 586 596 
1305 584 596 652 
1306 586 585 587 
1307 587 585 607 
1308 607 585 612 
1309 586 587 588 
1310 586 588 641 
1311 596 586 641 
1312 588 587 597 
1313 597 587 598 
1314 598 587 607 
1315 588 597 606 
1316 588 606 630 
1317 588 630 641 
1318 589 590 638 
1319 595 589 599 
1320 599 589 638 
1321 590 633 653 
1322 638 590 660 
1323 590 653 660 
1324 591 606 610 
1325 606 591 611 
1326 591 610 640 
1327 591 640 661 
1328 592 593 634 
1329 600 592 605 
1330 605 592 634 
1331 593 628 634 
1332 628 593 637 
1333 621 594 622 
1334 622 594 623 
1335 623 594 663 
1336 595 599 636 
1337 635 595 658 
1338 595 636 658 
1339 627 596 645 
1340 596 627 652 
1341 596 641 645 
1342 597 598 626 
1343 606 597 610 
1344 610 597 626 
1345 598 607 608 
1346 598 608 615 
1347 598 615 626 
1348 599 618 636 
1349 618 599 662 
1350 599 638 662 
1351 601 600 653 
1352 600 605 609 
1353 600 609 653 
1354 619 601 620 
1355 620 601 633 
1356 633 601 653 
1357 625 602 659 
1358 654 602 655 
1359 602 654 659 
1360 603 640 657 
1361 640 603 661 
1362 603 657 666 
1363 623 604 656 
1364 604 623 663 
1365 609 605 644 
1366 606 611 630 
1367 608 607 650 
1368 607 612 651 
1369 650 607 651 
1370 615 608 616 
1371 616 608 649 
1372 649 608 650 
1373 639 609 644 
1374 609 639 660 
1375 653 609 660 
1376 610 626 640 
1377 651 612 664 
1378 628 613 634 
1379 614 639 644 
1380 617 627 645 
1381 619 620 642 
1382 631 620 632 
1383 632 620 633 
1384 621 622 629 
1385 622 623 624 
1386 622 624 646 
1387 629 622 646 
1388 624 654 655 
1389 627 628 665 
1390 652 627 665 
1391 628 637 665 
1392 636 629 658 
1393 629 646 658 
1394 641 630 645 
1395 646 635 658 
1396 638 660 662 
1397 660 639 662 
1398 648 649 650 
2 7 2 258
1399 75 6 757 
1400 6 80 737 
1401 6 100 723 
1402 100 6 737 
1403 6 723 757 
1404 8 102 777 
1405 102 8 778 
1406 8 103 778 
1407 118 8 777 
1408 76 75 756 
1409 756 75 757 
1410 77 76 682 
1411 682 76 684 
1412 76 683 684 
1413 683 76 756 
1414 78 77 768 
1415 77 682 685 
1416 77 685 768 
1417 79 78 672 
1418 672 78 673 
1419 673 78 768 
1420 80 79 771 
1421 79 672 674 
1422 79 674 771 
1423 737 80 771 
1424 100 101 668 
1425 101 100 669 
1426 100 668 758 
1427 669 100 770 
1428 723 100 758 
1429 100 737 770 
1430 102 101 772 
1431 101 102 773 
1432 668 101 773 
1433 101 669 772 
1434 726 102 772 
1435 102 726 777 
1436 773 102 778 
1437 103 104 775 
1438 727 103 775 
1439 103 727 778 
1440 104 105 709 
1441 104 709 775 
1442 105 106 735 
1443 709 105 735 
1444 106 107 690 
1445 106 690 735 
1446 107 108 734 
1447 690 107 734 
1448 108 109 681 
1449 108 681 734 
1450 109 110 732 
1451 681 109 732 
1452 110 111 670 
1453 110 670 732 
1454 111 112 731 
1455 670 111 731 
1456 112 113 671 
1457 112 671 731 
1458 113 114 751 
1459 671 113 751 
1460 114 115 748 
1461 114 748 751 
1462 115 116 742 
1463 115 742 748 
1464 116 117 710 
1465 116 710 742 
1466 117 118 779 
1467 710 117 779 
1468 118 777 779 
1469 745 668 752 
1470 668 745 758 
1471 752 668 773 
1472 747 669 763 
1473 669 747 774 
1474 763 669 770 
1475 772 669 774 
1476 670 731 738 
1477 732 670 739 
1478 670 738 739 
1479 731 671 754 
1480 733 671 751 
1481 671 733 754 
1482 672 673 767 
1483 674 672 675 
1484 675 672 767 
1485 740 673 769 
1486 673 740 781 
1487 767 673 781 
1488 673 768 769 
1489 674 675 676 
1490 674 676 692 
1491 674 692 771 
1492 676 675 677 
1493 677 675 687 
1494 687 675 767 
1495 676 677 678 
1496 676 678 679 
1497 676 679 692 
1498 678 677 760 
1499 677 687 688 
1500 677 688 760 
1501 679 678 680 
1502 680 678 686 
1503 686 678 760 
1504 679 680 750 
1505 692 679 722 
1506 722 679 750 
1507 680 686 691 
1508 680 691 712 
1509 680 712 750 
1510 725 681 732 
1511 681 725 766 
1512 681 730 734 
1513 730 681 766 
1514 682 684 706 
1515 685 682 706 
1516 684 683 764 
1517 683 756 764 
1518 706 684 729 
1519 729 684 776 
1520 684 764 776 
1521 685 706 728 
1522 685 728 740 
1523 685 740 769 
1524 768 685 769 
1525 691 686 696 
1526 696 686 720 
1527 720 686 761 
1528 686 760 761 
1529 688 687 689 
1530 689 687 711 
1531 711 687 767 
1532 688 689 693 
1533 688 693 761 
1534 760 688 761 
1535 693 689 694 
1536 694 689 695 
1537 695 689 711 
1538 690 734 744 
1539 735 690 765 
1540 690 744 765 
1541 691 696 718 
1542 712 691 746 
1543 691 718 746 
1544 692 722 737 
1545 692 737 771 
1546 693 694 753 
1547 720 693 733 
1548 693 720 761 
1549 733 693 753 
1550 694 695 697 
1551 694 697 719 
1552 694 719 753 
1553 697 695 698 
1554 698 695 699 
1555 699 695 711 
1556 718 696 780 
1557 696 720 721 
1558 696 721 780 
1559 697 698 762 
1560 719 697 738 
1561 738 697 762 
1562 698 699 700 
1563 698 700 701 
1564 698 701 762 
1565 700 699 749 
1566 699 711 741 
1567 699 741 749 
1568 701 700 702 
1569 702 700 703 
1570 703 700 749 
1571 701 702 725 
1572 701 725 739 
1573 701 739 762 
1574 702 703 704 
1575 702 704 766 
1576 725 702 766 
1577 704 703 705 
1578 705 703 776 
1579 729 703 749 
1580 703 729 776 
1581 704 705 707 
1582 704 707 730 
1583 704 730 766 
1584 707 705 708 
1585 708 705 713 
1586 713 705 776 
1587 728 706 749 
1588 706 729 749 
1589 707 708 759 
1590 730 707 744 
1591 744 707 759 
1592 708 713 714 
1593 708 714 715 
1594 708 715 759 
1595 724 709 735 
1596 709 724 736 
1597 709 736 752 
1598 709 752 775 
1599 742 710 746 
1600 746 710 747 
1601 747 710 774 
1602 774 710 779 
1603 741 711 781 
1604 711 767 781 
1605 712 746 747 
1606 712 747 763 
1607 750 712 763 
1608 714 713 743 
1609 743 713 764 
1610 764 713 776 
1611 715 714 716 
1612 716 714 717 
1613 717 714 743 
1614 715 716 724 
1615 715 724 765 
1616 759 715 765 
1617 716 717 745 
1618 724 716 736 
1619 736 716 745 
1620 717 743 755 
1621 745 717 758 
1622 717 755 758 
1623 718 742 746 
1624 742 718 748 
1625 748 718 780 
1626 731 719 738 
1627 719 731 754 
1628 753 719 754 
1629 721 720 733 
1630 721 733 751 
1631 721 751 780 
1632 737 722 770 
1633 722 750 770 
1634 723 755 757 
1635 755 723 758 
1636 724 735 765 
1637 725 732 739 
1638 726 772 774 
1639 726 774 779 
1640 777 726 779 
1641 727 752 773 
1642 752 727 775 
1643 727 773 778 
1644 740 728 741 
1645 741 728 749 
1646 734 730 744 
1647 733 753 754 
1648 736 745 752 
1649 739 738 762 
1650 740 741 781 
1651 755 743 756 
1652 756 743 764 
1653 744 759 765 
1654 751 748 780 
1655 750 763 770 
1656 755 756 757 
2 8 2 282
1657 7 81 891 
1658 96 7 889 
1659 7 124 889 
1660 124 7 891 
1661 103 8 892 
1662 8 118 890 
1663 119 8 890 
1664 8 119 892 
1665 81 82 873 
1666 81 873 891 
1667 82 83 790 
1668 82 790 873 
1669 83 84 864 
1670 790 83 864 
1671 84 85 789 
1672 84 789 864 
1673 85 86 881 
1674 789 85 881 
1675 86 87 878 
1676 839 86 878 
1677 86 839 881 
1678 87 88 785 
1679 87 785 878 
1680 88 89 866 
1681 785 88 866 
1682 89 90 794 
1683 89 794 866 
1684 90 91 868 
1685 794 90 868 
1686 91 92 784 
1687 91 784 868 
1688 92 93 885 
1689 784 92 885 
1690 93 94 876 
1691 844 93 876 
1692 93 844 885 
1693 94 95 792 
1694 94 792 876 
1695 95 96 872 
1696 792 95 872 
1697 872 96 889 
1698 104 103 870 
1699 870 103 892 
1700 105 104 791 
1701 791 104 870 
1702 106 105 875 
1703 105 791 875 
1704 107 106 786 
1705 786 106 875 
1706 108 107 882 
1707 107 786 882 
1708 109 108 880 
1709 108 841 880 
1710 841 108 882 
1711 110 109 795 
1712 795 109 880 
1713 111 110 883 
1714 110 795 883 
1715 112 111 787 
1716 787 111 883 
1717 113 112 877 
1718 112 787 877 
1719 114 113 888 
1720 829 113 877 
1721 113 829 888 
1722 115 114 788 
1723 788 114 888 
1724 116 115 855 
1725 115 788 855 
1726 117 116 793 
1727 793 116 855 
1728 118 117 874 
1729 117 793 874 
1730 118 874 890 
1731 119 120 797 
1732 120 119 799 
1733 119 797 892 
1734 799 119 890 
1735 120 121 858 
1736 121 120 860 
1737 797 120 858 
1738 120 799 860 
1739 122 121 782 
1740 121 122 783 
1741 782 121 860 
1742 121 783 858 
1743 123 122 800 
1744 122 123 859 
1745 122 782 800 
1746 783 122 859 
1747 124 123 796 
1748 123 124 798 
1749 796 123 800 
1750 123 798 859 
1751 124 796 889 
1752 798 124 891 
1753 800 782 801 
1754 801 782 802 
1755 802 782 860 
1756 842 783 847 
1757 783 842 858 
1758 847 783 859 
1759 784 843 884 
1760 843 784 885 
1761 868 784 884 
1762 785 848 878 
1763 848 785 893 
1764 785 866 893 
1765 786 845 882 
1766 845 786 894 
1767 786 875 894 
1768 828 787 851 
1769 787 828 877 
1770 787 850 851 
1771 850 787 883 
1772 788 853 854 
1773 853 788 888 
1774 788 854 855 
1775 830 789 881 
1776 789 830 886 
1777 864 789 886 
1778 790 864 865 
1779 790 865 896 
1780 873 790 896 
1781 791 838 875 
1782 838 791 899 
1783 791 870 899 
1784 792 863 876 
1785 863 792 895 
1786 792 872 895 
1787 793 855 861 
1788 793 861 862 
1789 793 862 874 
1790 827 794 868 
1791 794 827 897 
1792 866 794 897 
1793 795 840 849 
1794 840 795 880 
1795 795 849 850 
1796 795 850 883 
1797 796 800 869 
1798 796 869 872 
1799 796 872 889 
1800 797 858 867 
1801 797 867 870 
1802 797 870 892 
1803 798 856 859 
1804 856 798 873 
1805 873 798 891 
1806 860 799 898 
1807 874 799 890 
1808 799 874 898 
1809 800 801 869 
1810 801 802 803 
1811 801 803 804 
1812 801 804 869 
1813 803 802 879 
1814 802 860 898 
1815 802 862 879 
1816 862 802 898 
1817 804 803 805 
1818 805 803 806 
1819 806 803 879 
1820 804 805 863 
1821 804 863 895 
1822 869 804 895 
1823 805 806 807 
1824 805 807 808 
1825 805 808 863 
1826 807 806 887 
1827 854 806 861 
1828 806 854 887 
1829 861 806 879 
1830 808 807 809 
1831 809 807 810 
1832 810 807 887 
1833 808 809 843 
1834 808 843 844 
1835 808 844 863 
1836 809 810 811 
1837 809 811 852 
1838 843 809 852 
1839 811 810 812 
1840 812 810 853 
1841 853 810 887 
1842 811 812 813 
1843 811 813 814 
1844 811 814 852 
1845 813 812 828 
1846 828 812 829 
1847 829 812 853 
1848 814 813 815 
1849 815 813 851 
1850 813 828 851 
1851 814 815 816 
1852 814 816 827 
1853 814 827 852 
1854 816 815 817 
1855 817 815 818 
1856 818 815 851 
1857 816 817 871 
1858 827 816 897 
1859 816 871 897 
1860 817 818 819 
1861 817 819 820 
1862 817 820 871 
1863 819 818 849 
1864 849 818 850 
1865 850 818 851 
1866 820 819 821 
1867 821 819 822 
1868 822 819 849 
1869 820 821 848 
1870 820 848 893 
1871 871 820 893 
1872 821 822 823 
1873 821 823 824 
1874 821 824 848 
1875 823 822 826 
1876 826 822 840 
1877 840 822 849 
1878 824 823 825 
1879 825 823 846 
1880 823 826 846 
1881 824 825 830 
1882 824 830 839 
1883 824 839 848 
1884 830 825 831 
1885 831 825 832 
1886 832 825 846 
1887 826 840 841 
1888 826 841 845 
1889 826 845 846 
1890 852 827 884 
1891 827 868 884 
1892 828 829 877 
1893 829 853 888 
1894 830 831 886 
1895 839 830 881 
1896 831 832 833 
1897 831 833 865 
1898 831 865 886 
1899 833 832 834 
1900 834 832 857 
1901 832 846 857 
1902 833 834 835 
1903 833 835 836 
1904 833 836 865 
1905 835 834 837 
1906 837 834 838 
1907 838 834 857 
1908 836 835 847 
1909 835 837 842 
1910 835 842 847 
1911 836 847 856 
1912 836 856 896 
1913 865 836 896 
1914 837 838 899 
1915 842 837 867 
1916 867 837 899 
1917 838 857 894 
1918 875 838 894 
1919 848 839 878 
1920 841 840 880 
1921 845 841 882 
1922 858 842 867 
1923 844 843 885 
1924 843 852 884 
1925 863 844 876 
1926 846 845 857 
1927 857 845 894 
1928 856 847 859 
1929 854 853 887 
1930 855 854 861 
1931 856 873 896 
1932 862 861 879 
1933 874 862 898 
1934 865 864 886 
1935 866 871 893 
1936 871 866 897 
1937 870 867 899 
1938 872 869 895 
3 1 4 2696
1939 184 165 185 850 
1940 787 41 127 185 
1941 157 823 155 192 
1942 845 183 156 211 
1943 775 409 33 485 
1944 819 162 163 161 
1945 138 848 181 189 
1946 158 192 824 189 
1947 550 400 397 672 
1948 185 883 40 227 
1949 184 849 160 162 
1950 169 173 812 170 
1951 163 164 817 191 
1952 160 822 157 161 
1953 820 181 163 182 
1954 161 181 821 192 
1955 815 166 167 164 
1956 825 158 154 155 
1957 156 846 153 155 
1958 663 329 10 266 
1959 162 165 818 164 
1960 878 86 839 226 
1961 18 89 17 262 
1962 176 190 887 221 
1963 541 261 55 258 
1964 489 36 690 407 
1965 14 13 881 193 
1966 167 222 816 191 
1967 139 19 868 207 
1968 550 400 66 397 
1969 328 329 663 266 
1970 224 182 866 131 
1971 191 871 182 131 
1972 175 172 807 176 
1973 826 159 157 156 
1974 88 16 17 342 
1975 326 263 323 630 
1976 843 174 240 205 
1977 471 466 408 718 
1978 184 850 795 849 
1979 13 789 881 193 
1980 13 789 193 130 
1981 19 18 90 207 
1982 40 39 110 486 
1983 171 170 811 172 
1984 224 138 785 182 
1985 885 128 21 205 
1986 90 18 19 392 
1987 409 775 484 485 
1988 16 87 15 384 
1989 91 19 20 252 
1990 17 16 88 224 
1991 220 130 886 198 
1992 319 268 50 656 
1993 40 111 41 406 
1994 189 839 193 226 
1995 212 877 42 127 
1996 38 109 39 527 
1997 20 19 91 139 
1998 166 815 813 851 
1999 197 134 11 790 
2000 18 131 794 207 
2001 152 151 834 149 
2002 829 877 113 212 
2003 174 843 223 205 
2004 41 111 40 185 
2005 17 89 18 131 
2006 806 177 176 178 
2007 844 204 808 863 
2008 265 24 661 345 
2009 110 39 40 227 
2010 15 87 16 138 
2011 246 801 186 188 
2012 139 884 223 208 
2013 690 526 489 407 
2014 41 42 112 127 
2015 77 548 402 682 
2016 165 166 218 851 
2017 41 112 42 537 
2018 43 42 113 396 
2019 73 557 253 545 
2020 863 230 808 805 
2021 56 253 557 545 
2022 93 128 885 844 
2023 44 43 206 114 
2024 803 186 180 179 
2025 864 12 197 130 
2026 169 813 166 168 
2027 154 153 151 832 
2028 205 139 20 784 
2029 39 109 38 129 
2030 56 557 72 545 
2031 178 879 179 210 
2032 161 819 822 821 
2033 172 190 810 176 
2034 20 21 92 353 
2035 44 43 114 496 
2036 851 218 165 185 
2037 504 490 774 475 
2038 748 408 44 496 
2039 197 199 134 790 
2040 208 139 868 207 
2041 138 785 16 224 
2042 42 43 113 212 
2043 823 157 826 822 
2044 33 870 214 135 
2045 129 184 227 795 
2046 36 35 106 407 
2047 866 17 224 131 
2048 152 153 211 857 
2049 148 149 219 837 
2050 86 14 15 257 
2051 113 829 212 888 
2052 773 61 469 411 
2053 811 170 171 168 
2054 37 36 107 489 
2055 794 131 222 207 
2056 108 38 37 401 
2057 787 127 218 185 
2058 809 174 172 175 
2059 825 846 823 155 
2060 489 534 734 401 
2061 224 785 88 866 
2062 826 156 846 845 
2063 878 138 15 226 
2064 820 163 819 817 
2065 165 818 851 850 
2066 77 402 685 682 
2067 239 183 37 882 
2068 21 353 263 566 
2069 209 136 238 895 
2070 44 45 408 115 
2071 573 13 346 264 
2072 860 242 782 802 
2073 810 170 190 172 
2074 149 147 150 835 
2075 258 562 70 541 
2076 238 188 209 895 
2077 390 618 257 346 
2078 225 880 108 841 
2079 209 804 188 180 
2080 825 830 158 824 
2081 214 870 244 135 
2082 61 60 101 469 
2083 256 56 253 557 
2084 253 557 73 559 
2085 186 801 802 803 
2086 212 829 173 206 
2087 814 813 811 168 
2088 106 35 36 133 
2089 92 21 20 205 
2090 542 643 72 558 
2091 167 814 815 816 
2092 177 175 807 176 
2093 266 357 11 594 
2094 748 44 408 115 
2095 299 364 337 638 
2096 831 825 154 832 
2097 734 37 489 401 
2098 862 874 898 229 
2099 244 899 219 135 
2100 832 846 153 857 
2101 14 13 85 881 
2102 98 51 50 319 
2103 101 60 61 477 
2104 37 38 108 225 
2105 839 824 848 189 
2106 16 342 614 339 
2107 205 223 139 784 
2108 85 13 14 346 
2109 805 177 807 806 
2110 829 812 173 853 
2111 894 133 211 232 
2112 197 864 130 198 
2113 806 805 177 803 
2114 38 880 225 129 
2115 192 821 823 824 
2116 146 200 856 243 
2117 811 170 812 810 
2118 132 44 206 788 
2119 604 268 329 328 
2120 181 848 820 821 
2121 681 732 109 527 
2122 132 45 44 115 
2123 397 550 79 399 
2124 128 93 876 844 
2125 107 36 37 239 
2126 84 12 13 264 
2127 878 189 138 226 
2128 802 879 862 187 
2129 231 877 212 127 
2130 559 253 557 664 
2131 466 408 780 467 
2132 411 485 484 727 
2133 351 344 352 582 
2134 872 869 238 895 
2135 541 259 55 261 
2136 210 879 179 187 
2137 346 383 573 264 
2138 859 856 798 243 
2139 345 603 348 267 
2140 802 242 186 187 
2141 866 182 871 131 
2142 721 467 497 428 
2143 67 79 550 399 
2144 614 384 16 339 
2145 86 15 14 226 
2146 853 190 173 237 
2147 65 685 402 405 
2148 851 828 218 787 
2149 551 511 398 768 
2150 618 14 257 346 
2151 833 831 245 832 
2152 65 402 77 548 
2153 337 299 638 301 
2154 200 896 134 199 
2155 21 22 93 263 
2156 831 154 220 245 
2157 469 484 773 411 
2158 815 818 164 817 
2159 622 358 623 594 
2160 844 202 128 204 
2161 788 853 237 854 
2162 802 862 898 187 
2163 70 260 258 541 
2164 685 65 403 405 
2165 79 550 397 672 
2166 60 101 100 669 
2167 100 101 60 668 
2168 787 883 185 850 
2169 249 852 814 827 
2170 182 138 785 893 
2171 356 342 555 262 
2172 402 548 64 404 
2173 875 35 133 201 
2174 330 357 266 594 
2175 811 810 809 172 
2176 648 74 543 649 
2177 768 511 398 769 
2178 828 169 812 813 
2179 827 868 794 207 
2180 16 87 88 785 
2181 89 17 88 866 
2182 268 97 604 667 
2183 255 73 253 545 
2184 800 246 801 782 
2185 397 67 550 399 
2186 258 260 54 541 
2187 829 173 231 212 
2188 551 398 78 768 
2189 668 101 469 773 
2190 260 70 54 541 
2191 171 223 852 208 
2192 624 311 622 646 
2193 648 543 73 375 
2194 35 105 34 201 
2195 190 853 810 887 
2196 863 230 805 804 
2197 844 240 843 808 
2198 89 555 262 613 
2199 222 897 131 794 
2200 726 772 102 412 
2201 230 808 204 863 
2202 19 90 91 868 
2203 129 227 39 795 
2204 89 90 18 794 
2205 83 12 11 197 
2206 726 490 504 412 
2207 854 806 178 861 
2208 490 47 48 779 
2209 628 332 613 556 
2210 171 809 174 172 
2211 685 65 402 77 
2212 871 191 897 131 
2213 57 73 255 545 
2214 683 521 756 549 
2215 92 20 91 784 
2216 805 804 180 803 
2217 599 338 337 301 
2218 852 809 843 174 
2219 60 59 100 394 
2220 835 834 149 837 
2221 268 604 97 656 
2222 57 73 543 375 
2223 50 51 98 335 
2224 365 662 257 337 
2225 731 406 111 670 
2226 180 177 803 179 
2227 832 151 833 834 
2228 883 40 111 185 
2229 613 90 556 371 
2230 790 896 134 873 
2231 814 171 811 852 
2232 408 472 471 718 
2233 871 817 816 191 
2234 34 105 35 498 
2235 108 734 681 401 
2236 267 657 97 666 
2237 814 249 827 816 
2238 51 98 99 553 
2239 604 81 329 667 
2240 822 840 849 160 
2241 496 780 408 467 
2242 804 801 869 188 
2243 59 4 723 415 
2244 88 17 89 555 
2245 93 22 21 128 
2246 35 498 735 407 
2247 884 223 852 843 
2248 173 812 170 190 
2249 853 812 190 810 
2250 819 849 818 162 
2251 841 840 826 159 
2252 329 81 604 663 
2253 485 778 103 727 
2254 485 103 775 727 
2255 794 868 90 207 
2256 99 98 51 554 
2257 790 134 82 873 
2258 374 379 612 651 
2259 154 153 825 155 
2260 51 99 52 250 
2261 341 361 658 306 
2262 622 311 624 623 
2263 511 768 403 769 
2264 375 648 543 649 
2265 13 12 84 130 
2266 550 398 66 400 
2267 106 36 107 786 
2268 634 628 332 613 
2269 202 23 136 792 
2270 492 740 673 769 
2271 603 657 267 666 
2272 868 91 139 784 
2273 643 72 71 542 
2274 537 112 516 731 
2275 39 109 110 732 
2276 255 253 57 545 
2277 888 212 43 206 
2278 779 490 47 410 
2279 651 374 379 607 
2280 512 735 498 407 
2281 114 788 44 115 
2282 365 384 257 561 
2283 257 384 15 561 
2284 403 398 511 769 
2285 486 406 500 670 
2286 61 101 102 773 
2287 39 481 732 486 
2288 556 252 91 617 
2289 150 833 151 149 
2290 67 79 399 547 
2291 777 726 102 412 
2292 844 128 240 204 
2293 90 613 392 371 
2294 102 62 61 411 
2295 806 178 861 879 
2296 474 754 515 455 
2297 751 396 671 733 
2298 562 70 565 258 
2299 100 59 60 395 
2300 346 618 85 573 
2301 83 11 12 357 
2302 101 61 102 772 
2303 634 262 555 613 
2304 805 230 177 180 
2305 370 556 628 627 
2306 40 406 486 670 
2307 623 624 553 317 
2308 486 732 110 670 
2309 731 738 406 670 
2310 837 148 842 867 
2311 19 91 90 556 
2312 831 865 833 245 
2313 842 147 145 148 
2314 534 730 744 734 
2315 395 60 100 669 
2316 671 516 112 731 
2317 768 551 511 403 
2318 255 559 651 664 
2319 100 395 669 770 
2320 288 320 286 571 
2321 734 534 730 401 
2322 45 46 116 203 
2323 492 398 403 769 
2324 231 169 828 218 
2325 559 73 253 255 
2326 219 152 232 838 
2327 861 854 855 247 
2328 88 87 16 614 
2329 398 550 78 672 
2330 865 199 150 198 
2331 311 622 358 623 
2332 522 67 399 547 
2333 796 800 248 869 
2334 554 99 615 251 
2335 186 801 242 802 
2336 116 46 45 472 
2337 206 237 132 788 
2338 558 349 336 254 
2339 274 255 375 650 
2340 391 616 99 615 
2341 498 709 105 735 
2342 33 104 34 409 
2343 863 202 204 209 
2344 538 746 468 471 
2345 61 62 102 412 
2346 356 555 605 634 
2347 867 899 244 870 
2348 18 90 89 613 
2349 296 294 600 295 
2350 883 110 227 795 
2351 136 209 202 792 
2352 685 740 493 769 
2353 550 398 400 672 
2354 152 857 838 834 
2355 99 391 615 251 
2356 862 793 874 229 
2357 852 223 171 174 
2358 105 35 106 875 
2359 671 113 396 751 
2360 111 112 41 731 
2361 542 259 643 366 
2362 782 242 801 802 
2363 172 810 809 807 
2364 886 130 864 198 
2365 855 788 132 854 
2366 257 662 561 618 
2367 157 823 156 155 
2368 721 467 751 497 
2369 41 112 111 787 
2370 664 651 255 322 
2371 857 845 211 894 
2372 82 11 10 134 
2373 361 595 302 301 
2374 410 774 490 475 
2375 283 588 597 606 
2376 82 10 11 266 
2377 146 126 783 145 
2378 110 111 40 670 
2379 106 133 786 875 
2380 22 23 94 327 
2381 496 751 467 497 
2382 613 332 262 392 
2383 770 737 100 536 
2384 108 109 38 681 
2385 139 884 868 784 
2386 113 112 42 877 
2387 690 744 526 765 
2388 506 745 717 758 
2389 673 398 492 769 
2390 468 747 746 710 
2391 94 95 591 265 
2392 402 548 76 682 
2393 110 109 39 795 
2394 498 409 709 470 
2395 185 851 787 850 
2396 781 767 398 673 
2397 401 509 681 527 
2398 731 537 406 474 
2399 561 384 87 614 
2400 228 847 836 835 
2401 751 496 396 497 
2402 515 671 733 754 
2403 765 512 735 724 
2404 147 228 150 835 
2405 662 618 390 599 
2406 790 197 865 864 
2407 847 147 842 835 
2408 886 830 220 831 
2409 674 518 675 465 
2410 788 132 115 855 
2411 319 50 98 656 
2412 812 170 811 813 
2413 95 24 23 136 
2414 643 71 563 542 
2415 333 265 661 345 
2416 558 557 72 254 
2417 558 643 349 254 
2418 131 866 89 794 
2419 146 847 147 145 
2420 712 468 747 746 
2421 253 559 255 664 
2422 435 491 747 475 
2423 300 302 304 580 
2424 881 193 830 839 
2425 568 290 288 292 
2426 45 116 115 855 
2427 83 84 12 864 
2428 705 448 444 446 
2429 541 259 71 55 
2430 673 398 781 492 
2431 894 875 232 838 
2432 765 512 482 407 
2433 15 86 87 878 
2434 735 470 709 724 
2435 834 219 152 149 
2436 538 746 742 710 
2437 882 183 841 845 
2438 206 43 888 114 
2439 639 303 365 339 
2440 397 79 674 399 
2441 107 36 106 690 
2442 252 556 627 617 
2443 342 555 88 614 
2444 336 642 349 558 
2445 710 410 779 117 
2446 333 591 610 640 
2447 405 685 402 682 
2448 432 695 436 434 
2449 91 20 92 617 
2450 159 841 225 183 
2451 537 41 112 731 
2452 821 157 161 192 
2453 539 58 74 649 
2454 453 682 402 404 
2455 288 574 290 568 
2456 34 409 709 498 
2457 630 326 263 327 
2458 34 104 33 135 
2459 736 502 709 752 
2460 337 365 662 364 
2461 191 222 816 897 
2462 674 676 518 517 
2463 806 879 803 179 
2464 108 38 109 880 
2465 263 93 21 566 
2466 550 398 78 66 
2467 681 109 38 527 
2468 137 47 874 216 
2469 122 195 800 125 
2470 692 419 679 517 
2471 648 650 274 375 
2472 47 46 137 117 
2473 618 346 636 573 
2474 397 674 79 672 
2475 49 97 50 268 
2476 621 629 622 367 
2477 623 311 624 317 
2478 121 27 144 28 
2479 796 123 195 800 
2480 28 27 196 121 
2481 50 97 98 656 
2482 395 100 59 536 
2483 620 563 631 350 
2484 122 28 29 125 
2485 771 399 79 547 
2486 122 30 29 194 
2487 897 866 131 794 
2488 254 643 259 366 
2489 156 846 211 153 
2490 95 23 24 265 
2491 860 196 799 120 
2492 285 284 354 652 
2493 124 31 143 123 
2494 740 492 493 769 
2495 345 96 661 603 
2496 410 538 46 710 
2497 379 585 612 607 
2498 58 539 273 649 
2499 30 122 123 194 
2500 26 27 119 142 
2501 140 26 27 119 
2502 836 228 150 199 
2503 232 875 133 201 
2504 556 332 613 371 
2505 27 121 144 120 
2506 623 358 311 317 
2507 143 796 123 195 
2508 831 886 865 198 
2509 122 28 125 121 
2510 125 28 196 121 
2511 192 155 158 824 
2512 398 673 768 769 
2513 195 122 29 125 
2514 274 255 650 373 
2515 121 27 196 120 
2516 741 476 437 483 
2517 600 601 293 575 
2518 46 47 410 117 
2519 84 85 13 789 
2520 664 255 253 322 
2521 145 783 847 842 
2522 51 52 99 251 
2523 858 144 121 120 
2524 643 259 349 254 
2525 12 84 83 621 
2526 877 828 231 829 
2527 29 30 122 195 
2528 196 142 799 120 
2529 194 122 123 859 
2530 213 797 858 867 
2531 349 642 643 558 
2532 596 324 284 354 
2533 847 146 783 145 
2534 461 502 752 484 
2535 793 46 116 117 
2536 196 860 125 121 
2537 809 843 174 808 
2538 265 591 393 333 
2539 145 213 842 148 
2540 201 875 105 791 
2541 195 123 122 800 
2542 232 201 219 838 
2543 105 34 104 709 
2544 888 43 113 114 
2545 175 807 808 805 
2546 630 611 326 327 
2547 40 111 110 883 
2548 691 427 712 746 
2549 353 617 252 354 
2550 480 781 767 398 
2551 303 296 609 297 
2552 875 201 838 791 
2553 76 548 402 404 
2554 780 408 748 496 
2555 726 490 412 529 
2556 123 122 30 195 
2557 142 27 119 120 
2558 119 27 140 120 
2559 842 835 148 837 
2560 31 30 143 123 
2561 884 852 208 827 
2562 557 73 72 545 
2563 27 142 196 120 
2564 124 143 796 123 
2565 729 776 514 703 
2566 640 347 333 348 
2567 140 27 144 120 
2568 56 557 254 72 
2569 260 565 70 258 
2570 786 133 239 211 
2571 783 858 144 121 
2572 256 56 557 254 
2573 716 451 454 460 
2574 858 783 145 842 
2575 815 813 814 168 
2576 98 97 50 657 
2577 489 744 690 734 
2578 732 481 39 527 
2579 624 579 307 646 
2580 690 107 489 734 
2581 836 856 847 228 
2582 872 24 136 217 
2583 240 128 885 205 
2584 749 728 476 457 
2585 595 658 361 302 
2586 196 860 121 120 
2587 859 194 122 783 
2588 895 238 872 792 
2589 403 685 493 769 
2590 95 661 591 265 
2591 144 858 145 213 
2592 146 194 859 783 
2593 887 176 221 178 
2594 351 344 582 315 
2595 255 375 650 648 
2596 842 213 858 867 
2597 815 166 168 167 
2598 168 249 814 167 
2599 189 848 839 878 
2600 861 247 137 210 
2601 834 151 833 149 
2602 516 42 112 537 
2603 422 712 427 435 
2604 710 116 46 117 
2605 710 747 774 475 
2606 271 659 5 625 
2607 123 30 143 195 
2608 833 834 149 835 
2609 888 853 237 788 
2610 708 446 450 449 
2611 255 559 73 648 
2612 836 150 833 865 
2613 673 78 398 768 
2614 114 43 113 751 
2615 391 99 52 251 
2616 607 379 280 314 
2617 556 628 332 370 
2618 822 823 157 821 
2619 681 734 730 401 
2620 119 799 142 120 
2621 495 494 683 756 
2622 331 634 593 628 
2623 328 358 623 317 
2624 748 114 44 115 
2625 393 611 606 591 
2626 651 379 612 607 
2627 682 453 683 404 
2628 194 123 141 859 
2629 798 141 123 859 
2630 96 25 24 217 
2631 50 97 49 267 
2632 350 620 563 642 
2633 765 690 735 407 
2634 550 66 67 397 
2635 468 747 710 475 
2636 253 56 57 545 
2637 782 122 800 125 
2638 202 128 22 876 
2639 480 781 398 492 
2640 95 94 23 265 
2641 576 368 581 632 
2642 801 246 248 188 
2643 96 24 25 345 
2644 751 396 733 497 
2645 846 153 825 832 
2646 399 771 522 547 
2647 48 490 777 529 
2648 284 596 354 652 
2649 660 653 590 297 
2650 106 35 105 735 
2651 116 855 203 793 
2652 644 555 605 318 
2653 353 324 263 566 
2654 248 143 796 217 
2655 610 291 325 333 
2656 515 671 396 733 
2657 856 847 146 859 
2658 194 146 126 783 
2659 178 806 177 179 
2660 429 761 426 430 
2661 260 272 376 647 
2662 543 73 74 648 
2663 141 30 123 194 
2664 671 112 42 113 
2665 562 565 309 258 
2666 854 221 132 203 
2667 572 286 321 320 
2668 440 725 739 701 
2669 628 331 634 332 
2670 854 132 855 203 
2671 231 169 173 812 
2672 394 100 60 668 
2673 199 836 896 865 
2674 871 182 163 191 
2675 813 169 170 168 
2676 307 311 624 646 
2677 853 173 206 237 
2678 684 524 456 729 
2679 736 709 470 724 
2680 732 486 739 670 
2681 835 149 147 148 
2682 585 321 612 572 
2683 797 140 144 120 
2684 477 772 101 669 
2685 740 673 781 492 
2686 163 162 819 817 
2687 493 492 403 769 
2688 678 424 458 421 
2689 101 60 477 669 
2690 289 574 290 288 
2691 428 429 497 720 
2692 162 163 164 817 
2693 669 491 774 747 
2694 425 428 466 696 
2695 23 202 876 792 
2696 798 215 141 243 
2697 568 288 320 292 
2698 277 607 598 587 
2699 21 92 93 885 
2700 140 797 119 120 
2701 650 559 255 648 
2702 820 819 161 821 
2703 694 432 431 433 
2704 232 857 894 838 
2705 322 664 377 560 
2706 790 83 197 864 
2707 581 580 368 576 
2708 118 47 48 216 
2709 846 845 211 857 
2710 797 144 858 120 
2711 894 786 133 875 
2712 199 865 197 198 
2713 156 846 845 211 
2714 703 514 729 501 
2715 495 743 494 756 
2716 585 379 280 607 
2717 29 28 122 126 
2718 23 94 95 792 
2719 302 658 361 306 
2720 716 452 715 724 
2721 679 458 692 517 
2722 213 140 797 214 
2723 431 693 689 694 
2724 884 139 223 784 
2725 733 721 751 497 
2726 85 86 14 881 
2727 86 15 87 561 
2728 82 83 11 790 
2729 708 446 505 450 
2730 593 355 331 289 
2731 603 345 96 666 
2732 600 293 601 295 
2733 752 502 409 484 
2734 125 782 122 121 
2735 627 324 617 645 
2736 229 137 874 216 
2737 150 833 245 151 
2738 203 46 116 793 
2739 230 177 175 805 
2740 772 61 102 412 
2741 476 741 728 749 
2742 123 124 141 798 
2743 395 477 669 491 
2744 326 606 325 393 
2745 776 705 514 703 
2746 561 86 257 618 
2747 441 725 440 701 
2748 123 124 31 141 
2749 126 28 122 121 
2750 548 76 64 404 
2751 642 350 620 334 
2752 147 847 228 835 
2753 245 831 865 198 
2754 333 345 640 348 
2755 701 739 530 762 
2756 118 48 47 779 
2757 356 331 262 634 
2758 377 612 567 560 
2759 340 620 313 334 
2760 434 695 436 437 
2761 563 71 259 542 
2762 860 782 125 121 
2763 339 644 303 318 
2764 236 892 8 119 
2765 690 36 106 407 
2766 681 725 732 509 
2767 695 432 433 434 
2768 710 46 410 117 
2769 126 783 144 121 
2770 761 428 429 426 
2771 708 713 705 446 
2772 465 397 674 399 
2773 676 518 675 674 
2774 572 321 612 567 
2775 472 116 538 742 
2776 846 211 153 857 
2777 107 37 108 882 
2778 728 493 476 457 
2779 163 161 181 820 
2780 218 813 828 851 
2781 144 28 126 121 
2782 737 417 59 536 
2783 328 268 319 656 
2784 306 658 341 308 
2785 204 230 863 209 
2786 833 150 836 835 
2787 873 798 856 243 
2788 315 343 578 305 
2789 237 206 888 788 
2790 404 683 521 495 
2791 859 847 146 783 
2792 807 809 172 175 
2793 81 10 9 215 
2794 156 823 826 846 
2795 852 171 811 809 
2796 394 758 100 668 
2797 342 17 555 262 
2798 458 678 421 679 
2799 469 752 668 773 
2800 324 353 645 566 
2801 155 823 825 824 
2802 7 31 233 124 
2803 7 31 124 235 
2804 148 835 149 837 
2805 733 396 515 497 
2806 569 562 309 631 
2807 622 621 330 594 
2808 431 455 525 753 
2809 651 374 255 322 
2810 578 344 343 315 
2811 504 477 772 412 
2812 300 301 302 580 
2813 749 741 699 483 
2814 445 705 444 446 
2815 295 653 296 297 
2816 126 122 194 783 
2817 438 499 434 698 
2818 655 343 316 307 
2819 672 397 674 465 
2820 713 448 705 446 
2821 251 347 554 335 
2822 111 41 787 185 
2823 554 51 99 251 
2824 783 126 122 121 
2825 757 416 756 755 
2826 459 714 713 743 
2827 437 699 741 483 
2828 433 697 434 499 
2829 765 482 526 407 
2830 510 503 770 750 
2831 215 10 134 873 
2832 146 847 856 228 
2833 701 440 439 438 
2834 523 464 519 677 
2835 336 564 642 558 
2836 292 290 293 575 
2837 853 206 888 237 
2838 247 861 178 210 
2839 722 420 770 750 
2840 31 30 123 141 
2841 563 259 643 542 
2842 771 418 399 522 
2843 75 416 757 552 
2844 855 132 45 203 
2845 738 406 500 473 
2846 71 70 562 541 
2847 852 249 208 827 
2848 144 858 783 145 
2849 264 573 84 621 
2850 764 533 524 776 
2851 144 140 797 213 
2852 477 60 395 669 
2853 161 163 819 820 
2854 749 483 700 442 
2855 14 86 85 618 
2856 891 9 7 235 
2857 889 7 25 233 
2858 102 773 778 411 
2859 102 8 62 778 
2860 390 618 338 599 
2861 619 620 601 334 
2862 153 152 151 832 
2863 179 802 186 187 
2864 809 171 811 172 
2865 675 523 767 400 
2866 263 611 630 327 
2867 494 764 683 756 
2868 766 478 508 509 
2869 735 690 106 407 
2870 440 439 441 701 
2871 392 19 90 371 
2872 302 595 658 635 
2873 408 45 472 115 
2874 815 167 816 817 
2875 742 116 538 710 
2876 767 675 400 672 
2877 393 94 611 591 
2878 430 689 432 431 
2879 568 320 567 564 
2880 725 447 441 440 
2881 324 617 353 354 
2882 676 674 692 517 
2883 409 104 34 709 
2884 601 619 334 293 
2885 116 538 46 472 
2886 318 555 605 356 
2887 295 298 653 297 
2888 353 21 92 566 
2889 469 60 101 668 
2890 180 804 801 803 
2891 194 29 122 126 
2892 97 49 7 667 
2893 500 462 486 739 
2894 383 636 573 629 
2895 520 678 676 677 
2896 46 203 137 793 
2897 679 419 458 517 
2898 522 771 418 547 
2899 674 518 465 399 
2900 516 671 754 731 
2901 368 359 581 632 
2902 748 472 742 115 
2903 641 284 323 281 
2904 416 756 521 549 
2905 695 436 437 699 
2906 332 556 370 371 
2907 8 48 234 890 
2908 548 64 65 402 
2909 119 8 26 234 
2910 236 8 26 119 
2911 648 73 255 375 
2912 748 44 114 496 
2913 25 889 233 217 
2914 105 35 875 201 
2915 799 142 241 216 
2916 682 76 402 404 
2917 430 688 689 693 
2918 280 585 607 587 
2919 617 324 627 354 
2920 343 655 579 307 
2921 320 572 286 571 
2922 660 364 662 639 
2923 510 420 770 722 
2924 151 833 245 832 
2925 708 505 759 450 
2926 658 635 646 306 
2927 432 689 695 694 
2928 176 887 806 178 
2929 478 443 766 508 
2930 440 739 530 701 
2931 450 451 714 449 
2932 161 822 157 821 
2933 150 228 836 835 
2934 233 889 7 124 
2935 891 7 124 235 
2936 808 204 240 175 
2937 376 272 544 647 
2938 321 377 612 567 
2939 766 725 681 509 
2940 215 134 200 873 
2941 838 219 152 834 
2942 472 748 408 115 
2943 703 705 514 444 
2944 719 731 738 473 
2945 136 23 95 792 
2946 181 821 192 824 
2947 627 324 645 596 
2948 874 118 47 117 
2949 334 340 601 293 
2950 804 209 230 180 
2951 808 240 174 175 
2952 797 858 144 213 
2953 84 13 85 573 
2954 755 488 506 414 
2955 634 592 355 593 
2956 446 713 448 449 
2957 596 584 282 586 
2958 272 544 53 376 
2959 250 553 99 654 
2960 765 715 452 724 
2961 608 275 607 598 
2962 820 163 817 871 
2963 494 488 743 495 
2964 93 22 128 876 
2965 821 181 848 824 
2966 488 743 756 755 
2967 896 199 865 790 
2968 345 603 267 385 
2969 1 7 9 235 
2970 7 1 25 233 
2971 698 438 439 437 
2972 105 34 709 498 
2973 599 337 638 301 
2974 474 731 754 719 
2975 564 642 619 336 
2976 668 752 469 535 
2977 714 708 450 449 
2978 153 154 825 832 
2979 346 383 636 573 
2980 11 83 82 594 
2981 163 820 182 871 
2982 709 498 470 735 
2983 33 104 103 870 
2984 629 308 622 367 
2985 793 137 46 117 
2986 872 96 24 217 
2987 36 106 133 786 
2988 587 277 280 279 
2989 587 279 588 597 
2990 869 800 248 801 
2991 725 441 702 701 
2992 437 436 476 741 
2993 448 514 705 444 
2994 607 374 379 314 
2995 487 460 451 717 
2996 416 75 63 552 
2997 770 420 510 750 
2998 777 8 48 529 
2999 803 177 806 179 
3000 610 283 597 606 
3001 843 884 223 784 
3002 719 433 455 473 
3003 725 702 441 508 
3004 313 620 631 350 
3005 84 12 264 621 
3006 622 646 308 629 
3007 627 252 617 354 
3008 834 838 219 837 
3009 744 707 730 479 
3010 801 242 246 186 
3011 399 674 518 517 
3012 421 419 458 679 
3013 436 432 463 711 
3014 699 749 483 700 
3015 183 826 841 845 
3016 136 95 872 792 
3017 476 749 457 483 
3018 745 461 752 535 
3019 134 82 11 790 
3020 667 7 81 386 
3021 573 264 629 621 
3022 687 523 464 463 
3023 571 288 320 568 
3024 610 325 606 591 
3025 619 642 620 334 
3026 31 7 233 1 
3027 7 1 31 235 
3028 764 494 743 756 
3029 290 294 293 575 
3030 620 340 601 334 
3031 8 2 32 236 
3032 48 2 8 234 
3033 504 772 491 774 
3034 153 152 832 857 
3035 48 8 118 890 
3036 781 480 741 740 
3037 389 270 659 369 
3038 54 55 258 541 
3039 293 600 294 295 
3040 133 106 35 875 
3041 434 697 695 698 
3042 197 83 12 864 
3043 711 781 480 741 
3044 389 659 52 369 
3045 247 861 137 793 
3046 338 618 636 599 
3047 218 166 813 851 
3048 510 420 503 750 
3049 488 743 495 756 
3050 870 867 797 214 
3051 612 378 379 374 
3052 521 64 63 549 
3053 439 698 437 700 
3054 619 334 293 292 
3055 653 660 609 297 
3056 722 419 420 679 
3057 266 11 82 594 
3058 8 103 528 778 
3059 828 877 127 787 
3060 678 686 424 680 
3061 150 833 865 245 
3062 137 862 210 229 
3063 479 445 730 478 
3064 538 468 746 710 
3065 821 823 157 192 
3066 108 37 107 734 
3067 144 783 126 145 
3068 292 568 290 575 
3069 436 695 711 699 
3070 393 94 23 327 
3071 828 812 231 829 
3072 655 344 602 362 
3073 167 815 164 817 
3074 464 520 519 677 
3075 24 95 96 872 
3076 116 46 538 710 
3077 234 119 8 890 
3078 221 854 247 203 
3079 693 430 429 431 
3080 213 867 244 214 
3081 300 581 298 590 
3082 623 358 328 266 
3083 370 556 252 371 
3084 368 580 304 576 
3085 596 284 324 641 
3086 578 570 582 315 
3087 638 364 662 660 
3088 846 156 823 155 
3089 689 430 693 431 
3090 658 636 341 629 
3091 410 779 774 710 
3092 415 59 513 723 
3093 26 8 2 234 
3094 2 8 26 236 
3095 825 153 846 155 
3096 673 398 78 672 
3097 33 103 32 214 
3098 115 132 45 855 
3099 384 561 639 614 
3100 374 651 373 607 
3101 658 302 635 306 
3102 246 248 800 801 
3103 421 420 419 679 
3104 92 21 93 566 
3105 702 700 442 703 
3106 9 7 1 386 
3107 680 691 686 423 
3108 673 767 400 672 
3109 662 365 561 639 
3110 449 714 713 459 
3111 585 280 586 587 
3112 708 705 707 446 
3113 48 234 890 216 
3114 568 320 564 292 
3115 157 159 826 822 
3116 461 736 745 752 
3117 598 360 276 278 
3118 233 889 143 217 
3119 577 304 315 305 
3120 700 483 439 442 
3121 150 833 149 835 
3122 813 828 169 218 
3123 678 458 676 679 
3124 607 277 314 587 
3125 24 96 661 345 
3126 478 730 534 401 
3127 692 418 419 517 
3128 816 222 827 897 
3129 579 655 624 307 
3130 289 331 593 310 
3131 848 785 138 893 
3132 403 768 685 769 
3133 400 675 523 465 
3134 568 574 290 575 
3135 826 157 823 156 
3136 892 8 103 236 
3137 357 621 83 594 
3138 314 277 280 587 
3139 695 432 694 433 
3140 206 888 829 853 
3141 546 418 68 417 
3142 242 801 246 782 
3143 880 840 129 795 
3144 2 8 32 528 
3145 299 589 301 300 
3146 249 171 852 208 
3147 434 695 437 699 
3148 215 798 873 243 
3149 294 600 293 575 
3150 442 700 749 703 
3151 300 581 359 298 
3152 788 132 44 115 
3153 678 458 424 520 
3154 697 434 499 698 
3155 722 692 419 679 
3156 236 892 140 214 
3157 731 754 516 474 
3158 313 631 261 350 
3159 25 1 7 385 
3160 73 57 255 375 
3161 503 763 770 750 
3162 326 611 393 327 
3163 380 280 282 585 
3164 22 93 94 876 
3165 867 148 213 244 
3166 133 239 36 786 
3167 589 301 300 580 
3168 296 600 294 387 
3169 279 587 277 278 
3170 137 203 247 793 
3171 287 285 583 286 
3172 149 834 219 837 
3173 797 892 870 214 
3174 693 431 753 694 
3175 215 9 891 235 
3176 18 90 613 392 
3177 699 437 698 700 
3178 699 711 436 741 
3179 441 702 439 442 
3180 598 275 607 277 
3181 463 430 689 432 
3182 587 281 586 588 
3183 621 83 12 357 
3184 796 143 889 217 
3185 452 716 451 454 
3186 737 59 100 536 
3187 152 857 232 838 
3188 584 282 380 286 
3189 342 644 555 614 
3190 579 305 343 307 
3191 598 277 587 278 
3192 671 42 516 396 
3193 293 340 601 295 
3194 704 730 445 443 
3195 471 746 691 718 
3196 201 105 34 135 
3197 887 807 176 806 
3198 480 476 740 492 
3199 756 76 683 549 
3200 800 195 796 248 
3201 205 885 843 784 
3202 321 379 585 612 
3203 755 506 717 758 
3204 280 586 282 585 
3205 281 587 279 588 
3206 423 680 691 712 
3207 868 884 208 827 
3208 263 645 324 323 
3209 336 564 388 292 
3210 269 274 649 608 
3211 661 591 333 640 
3212 520 426 424 760 
3213 393 611 94 327 
3214 562 309 565 569 
3215 416 521 63 549 
3216 314 280 607 587 
3217 390 338 337 599 
3218 692 676 458 679 
3219 476 741 749 483 
3220 303 660 364 297 
3221 309 562 258 261 
3222 12 264 621 357 
3223 152 151 832 834 
3224 689 432 431 694 
3225 730 445 443 478 
3226 864 789 84 130 
3227 693 429 525 431 
3228 853 887 221 854 
3229 204 876 202 863 
3230 83 11 357 594 
3231 667 49 7 386 
3232 742 408 748 718 
3233 725 739 462 440 
3234 452 470 512 724 
3235 286 321 380 572 
3236 590 298 299 297 
3237 712 423 680 422 
3238 436 480 711 531 
3239 32 103 8 236 
3240 266 358 330 594 
3241 609 303 639 644 
3242 152 832 857 834 
3243 118 8 48 777 
3244 681 38 401 527 
3245 340 633 359 313 
3246 261 309 562 631 
3247 96 7 25 889 
3248 81 9 7 891 
3249 24 95 872 136 
3250 822 157 159 160 
3251 428 497 721 720 
3252 88 16 342 614 
3253 105 201 791 135 
3254 426 761 428 686 
3255 601 619 293 575 
3256 261 631 563 350 
3257 501 703 514 444 
3258 71 55 259 542 
3259 756 75 76 549 
3260 528 62 8 778 
3261 47 118 874 216 
3262 570 351 582 315 
3263 676 519 520 677 
3264 454 470 452 724 
3265 626 597 610 291 
3266 344 578 582 315 
3267 460 716 451 717 
3268 771 399 418 517 
3269 74 5 539 649 
3270 707 708 446 505 
3271 238 136 872 792 
3272 732 110 39 486 
3273 712 427 423 422 
3274 8 2 48 529 
3275 195 143 796 248 
3276 607 650 373 275 
3277 139 91 20 784 
3278 560 664 557 256 
3279 771 692 674 517 
3280 761 429 720 693 
3281 502 709 409 470 
3282 566 263 611 630 
3283 840 826 159 822 
3284 564 619 568 292 
3285 76 682 683 404 
3286 896 856 200 873 
3287 564 320 388 292 
3288 341 308 629 367 
3289 628 310 332 370 
3290 200 134 896 873 
3291 506 460 487 717 
3292 434 438 698 437 
3293 282 584 285 286 
3294 352 272 582 344 
3295 499 438 762 698 
3296 252 556 370 627 
3297 730 704 766 443 
3298 82 10 81 873 
3299 626 615 372 251 
3300 483 439 437 700 
3301 736 470 502 454 
3302 419 420 413 722 
3303 867 213 797 214 
3304 809 852 171 174 
3305 540 69 53 272 
3306 891 141 215 235 
3307 771 674 399 517 
3308 707 708 505 759 
3309 619 564 336 292 
3310 739 462 732 725 
3311 711 463 436 531 
3312 353 92 617 566 
3313 844 876 202 204 
3314 680 686 424 423 
3315 637 287 583 571 
3316 188 801 186 180 
3317 653 296 600 295 
3318 764 533 776 713 
3319 350 313 620 334 
3320 241 898 799 216 
3321 743 488 717 755 
3322 767 531 480 398 
3323 285 354 382 652 
3324 847 147 145 842 
3325 702 725 766 508 
3326 868 91 19 139 
3327 740 493 728 685 
3328 305 578 577 579 
3329 425 426 428 686 
3330 204 844 876 863 
3331 633 298 590 653 
3332 245 865 150 198 
3333 584 282 586 585 
3334 793 137 874 229 
3335 599 589 595 301 
3336 522 418 68 547 
3337 294 592 290 355 
3338 577 381 570 315 
3339 156 826 183 845 
3340 890 234 142 216 
3341 457 749 728 706 
3342 619 568 292 575 
3343 578 577 315 305 
3344 649 616 269 608 
3345 97 50 268 656 
3346 580 304 300 368 
3347 7 49 97 666 
3348 453 683 404 494 
3349 275 607 650 608 
3350 413 770 737 722 
3351 425 686 691 423 
3352 305 635 302 306 
3353 772 669 491 774 
3354 655 343 362 316 
3355 753 431 455 694 
3356 676 458 678 520 
3357 220 831 245 198 
3358 807 808 809 175 
3359 713 764 533 459 
3360 166 813 169 218 
3361 729 456 457 501 
3362 446 708 713 449 
3363 898 799 860 241 
3364 213 842 148 867 
3365 272 625 582 344 
3366 81 9 10 329 
3367 161 181 820 821 
3368 633 340 620 313 
3369 640 626 347 554 
3370 565 260 309 258 
3371 714 713 708 449 
3372 822 160 819 161 
3373 38 108 681 401 
3374 443 441 702 508 
3375 567 320 388 564 
3376 812 173 231 829 
3377 524 684 776 729 
3378 496 114 748 751 
3379 640 345 603 348 
3380 714 459 487 743 
3381 427 423 691 712 
3382 891 215 141 798 
3383 278 283 597 291 
3384 248 869 238 217 
3385 436 695 432 711 
3386 340 298 633 653 
3387 692 458 676 517 
3388 283 610 325 606 
3389 212 43 113 888 
3390 457 706 456 729 
3391 99 51 553 250 
3392 702 766 443 508 
3393 845 786 211 894 
3394 215 81 10 873 
3395 273 274 649 269 
3396 717 714 487 743 
3397 312 359 632 313 
3398 629 264 341 367 
3399 712 680 750 422 
3400 60 469 394 668 
3401 438 530 499 762 
3402 7 9 81 386 
3403 767 687 523 675 
3404 506 745 758 394 
3405 855 45 116 203 
3406 147 842 835 148 
3407 82 81 329 663 
3408 636 383 341 629 
3409 555 17 89 262 
3410 187 210 862 229 
3411 605 634 592 355 
3412 359 633 581 632 
3413 323 641 281 363 
3414 442 703 501 444 
3415 221 237 853 854 
3416 263 324 645 566 
3417 534 744 730 479 
3418 311 622 330 358 
3419 437 699 483 700 
3420 290 592 574 289 
3421 237 132 788 854 
3422 791 244 899 870 
3423 890 118 48 216 
3424 248 869 188 238 
3425 168 814 815 167 
3426 672 674 675 465 
3427 737 770 413 536 
3428 162 819 160 161 
3429 868 19 90 207 
3430 759 505 707 479 
3431 627 370 252 354 
3432 858 145 213 842 
3433 326 323 363 630 
3434 107 239 882 786 
3435 700 439 702 442 
3436 380 584 286 572 
3437 569 309 312 631 
3438 491 669 763 747 
3439 767 400 398 673 
3440 488 459 494 743 
3441 8 103 32 528 
3442 55 259 542 366 
3443 63 75 416 549 
3444 142 799 890 216 
3445 301 595 302 580 
3446 869 804 188 895 
3447 879 802 803 179 
3448 96 25 7 385 
3449 65 511 551 403 
3450 96 95 24 661 
3451 658 361 636 595 
3452 651 650 373 607 
3453 464 523 687 677 
3454 318 342 555 356 
3455 409 775 752 484 
3456 885 240 843 844 
3457 316 624 655 307 
3458 499 433 697 473 
3459 859 146 856 243 
3460 573 84 13 264 
3461 275 269 276 608 
3462 560 322 664 256 
3463 388 256 558 254 
3464 298 299 300 590 
3465 694 431 455 433 
3466 526 744 690 489 
3467 678 421 679 680 
3468 10 82 134 873 
3469 584 380 585 572 
3470 653 340 298 295 
3471 463 687 531 767 
3472 710 410 538 475 
3473 762 697 499 698 
3474 682 402 405 453 
3475 883 111 787 185 
3476 343 578 305 579 
3477 197 865 199 790 
3478 643 259 642 349 
3479 646 307 311 308 
3480 580 300 581 368 
3481 509 681 478 401 
3482 558 256 557 254 
3483 445 730 704 707 
3484 889 25 96 217 
3485 738 697 499 762 
3486 106 35 735 407 
3487 633 359 298 340 
3488 620 632 633 313 
3489 231 169 812 828 
3490 781 480 740 492 
3491 182 820 181 893 
3492 622 621 367 330 
3493 462 447 725 440 
3494 898 874 799 216 
3495 706 457 749 729 
3496 666 96 7 385 
3497 866 871 897 131 
3498 281 586 282 280 
3499 146 856 200 228 
3500 69 70 544 647 
3501 761 720 428 686 
3502 690 107 36 489 
3503 311 622 308 330 
3504 358 622 330 594 
3505 632 359 633 313 
3506 861 178 854 247 
3507 489 526 744 479 
3508 609 296 653 297 
3509 565 260 376 647 
3510 887 810 190 176 
3511 610 291 333 347 
3512 807 172 810 176 
3513 668 745 752 535 
3514 151 245 154 832 
3515 696 428 720 686 
3516 661 333 345 640 
3517 896 856 836 200 
3518 303 609 296 318 
3519 103 33 870 214 
3520 576 577 381 570 
3521 104 33 103 775 
3522 766 730 443 478 
3523 249 814 167 816 
3524 794 90 18 207 
3525 481 732 725 509 
3526 266 623 358 594 
3527 870 892 103 214 
3528 238 869 872 217 
3529 426 464 430 688 
3530 334 642 349 336 
3531 514 705 776 448 
3532 75 756 416 549 
3533 61 772 477 412 
3534 274 648 375 649 
3535 656 328 604 623 
3536 611 566 93 327 
3537 611 326 606 630 
3538 655 343 344 362 
3539 791 201 838 135 
3540 252 20 617 353 
3541 675 518 519 465 
3542 688 430 761 693 
3543 233 31 143 124 
3544 15 86 878 226 
3545 660 609 303 639 
3546 686 425 424 423 
3547 667 268 49 386 
3548 861 137 793 210 
3549 269 616 273 391 
3550 441 447 725 508 
3551 488 756 416 755 
3552 577 304 381 315 
3553 449 713 448 459 
3554 147 847 146 228 
3555 277 275 607 314 
3556 778 528 62 411 
3557 256 560 388 558 
3558 898 241 229 216 
3559 762 438 701 698 
3560 879 861 862 210 
3561 799 196 860 241 
3562 263 22 93 327 
3563 196 860 242 125 
3564 32 103 33 485 
3565 889 143 796 124 
3566 493 476 740 728 
3567 498 105 35 735 
3568 377 612 664 322 
3569 779 47 118 117 
3570 418 68 80 546 
3571 683 521 495 756 
3572 307 646 306 308 
3573 862 861 793 210 
3574 442 703 444 443 
3575 675 400 672 465 
3576 713 764 459 743 
3577 685 493 728 405 
3578 705 445 707 446 
3579 459 449 714 487 
3580 548 77 76 682 
3581 438 701 530 762 
3582 411 773 778 727 
3583 686 424 426 760 
3584 516 515 671 396 
3585 301 589 595 580 
3586 82 81 10 329 
3587 218 851 787 185 
3588 442 749 483 501 
3589 859 194 146 243 
3590 49 1 7 386 
3591 472 408 748 742 
3592 879 178 861 210 
3593 331 262 634 332 
3594 877 42 113 212 
3595 249 167 222 816 
3596 678 424 421 680 
3597 799 142 196 241 
3598 897 222 827 794 
3599 530 440 701 438 
3600 234 26 119 142 
3601 236 26 140 119 
3602 754 515 516 474 
3603 339 342 644 318 
3604 714 451 716 717 
3605 660 299 364 297 
3606 284 323 324 641 
3607 292 293 619 575 
3608 856 836 200 228 
3609 581 633 298 590 
3610 97 50 657 267 
3611 143 889 233 124 
3612 684 764 524 776 
3613 274 58 273 649 
3614 510 413 420 722 
3615 560 564 388 558 
3616 444 704 705 445 
3617 319 553 51 250 
3618 259 350 642 349 
3619 248 869 801 188 
3620 505 759 482 526 
3621 367 621 264 357 
3622 502 409 709 752 
3623 433 694 695 697 
3624 886 864 865 198 
3625 612 377 664 560 
3626 424 686 678 760 
3627 645 353 617 566 
3628 627 324 596 354 
3629 287 310 637 665 
3630 79 674 399 771 
3631 335 554 98 657 
3632 583 286 572 571 
3633 263 566 611 327 
3634 496 748 780 751 
3635 823 155 192 824 
3636 127 218 828 787 
3637 742 471 472 718 
3638 588 606 326 630 
3639 78 77 551 768 
3640 291 610 626 347 
3641 533 448 713 459 
3642 487 459 488 743 
3643 307 579 305 306 
3644 455 474 719 473 
3645 373 607 275 314 
3646 201 219 838 135 
3647 666 267 603 385 
3648 260 272 647 352 
3649 359 368 312 632 
3650 885 843 240 205 
3651 490 726 777 529 
3652 626 372 360 251 
3653 464 687 463 688 
3654 596 324 645 641 
3655 458 676 519 520 
3656 303 365 364 639 
3657 334 619 642 336 
3658 554 98 51 335 
3659 100 395 770 536 
3660 251 554 51 335 
3661 25 96 345 385 
3662 374 651 255 373 
3663 374 612 378 322 
3664 430 761 426 688 
3665 799 890 119 142 
3666 96 872 889 217 
3667 274 650 648 649 
3668 606 325 283 326 
3669 686 696 425 691 
3670 472 408 742 718 
3671 466 780 408 718 
3672 436 437 699 741 
3673 446 445 707 505 
3674 534 489 744 479 
3675 540 5 69 625 
3676 496 396 43 751 
3677 264 629 621 367 
3678 49 267 666 385 
3679 344 270 602 362 
3680 592 290 355 289 
3681 550 79 78 672 
3682 653 600 296 609 
3683 613 262 18 392 
3684 773 102 61 411 
3685 188 804 209 895 
3686 889 872 796 217 
3687 695 433 697 434 
3688 890 234 119 142 
3689 710 538 468 475 
3690 209 863 202 792 
3691 8 2 62 528 
3692 610 597 283 291 
3693 309 312 381 569 
3694 771 80 418 547 
3695 775 33 103 485 
3696 467 466 428 696 
3697 556 90 19 371 
3698 687 463 711 767 
3699 633 601 340 653 
3700 476 436 480 741 
3701 871 893 182 866 
3702 439 702 441 701 
3703 451 714 449 487 
3704 39 109 732 527 
3705 273 539 5 649 
3706 439 701 438 698 
3707 780 466 696 718 
3708 215 9 81 891 
3709 43 114 496 751 
3710 583 285 287 665 
3711 310 287 382 665 
3712 37 107 239 882 
3713 140 892 236 119 
3714 476 740 492 493 
3715 736 502 461 454 
3716 750 420 503 422 
3717 695 434 698 699 
3718 283 597 279 278 
3719 523 687 677 675 
3720 383 264 341 629 
3721 7 49 666 385 
3722 246 800 195 125 
3723 281 641 586 588 
3724 406 731 474 473 
3725 556 19 252 371 
3726 196 860 241 242 
3727 771 418 692 517 
3728 503 770 395 510 
3729 822 159 840 160 
3730 283 363 588 326 
3731 359 581 300 368 
3732 49 7 1 385 
3733 735 512 765 407 
3734 779 774 490 410 
3735 248 800 195 246 
3736 305 577 635 579 
3737 588 281 641 363 
3738 582 351 565 352 
3739 118 890 874 216 
3740 280 281 587 279 
3741 230 805 804 180 
3742 454 736 716 745 
3743 431 525 693 753 
3744 439 701 698 700 
3745 666 345 96 385 
3746 347 610 626 640 
3747 352 565 582 647 
3748 69 544 272 647 
3749 602 582 625 344 
3750 506 717 488 755 
3751 308 658 341 629 
3752 451 714 487 717 
3753 744 759 707 479 
3754 462 732 486 739 
3755 871 163 817 191 
3756 756 495 488 416 
3757 533 524 776 448 
3758 452 715 450 451 
3759 646 635 579 306 
3760 588 279 281 363 
3761 206 829 173 853 
3762 224 88 17 866 
3763 618 257 662 390 
3764 150 836 199 865 
3765 155 825 158 824 
3766 801 186 180 803 
3767 375 58 274 649 
3768 502 709 470 736 
3769 283 610 291 325 
3770 241 242 802 187 
3771 128 21 93 885 
3772 641 323 645 630 
3773 391 372 615 251 
3774 247 854 855 203 
3775 577 304 580 576 
3776 637 289 287 288 
3777 750 722 420 679 
3778 708 450 715 714 
3779 578 577 570 315 
3780 741 480 476 740 
3781 138 785 848 878 
3782 20 92 205 784 
3783 435 747 468 475 
3784 450 759 708 715 
3785 367 308 622 330 
3786 190 812 170 810 
3787 350 642 349 334 
3788 626 598 597 278 
3789 422 503 763 435 
3790 245 831 154 832 
3791 266 663 623 594 
3792 416 757 513 755 
3793 557 560 256 558 
3794 635 302 595 580 
3795 413 417 737 536 
3796 625 270 602 344 
3797 689 432 695 711 
3798 641 586 284 281 
3799 188 804 801 180 
3800 628 382 627 665 
3801 2 8 62 529 
3802 238 872 136 217 
3803 618 85 14 346 
3804 428 721 467 696 
3805 222 827 249 816 
3806 430 464 463 688 
3807 383 338 346 636 
3808 3 58 539 273 
3809 877 112 42 127 
3810 432 689 463 711 
3811 364 365 662 639 
3812 598 626 360 278 
3813 566 263 93 327 
3814 702 766 704 443 
3815 132 237 221 854 
3816 140 797 892 119 
3817 578 343 655 579 
3818 746 471 742 718 
3819 891 141 124 798 
3820 285 382 287 665 
3821 747 712 763 435 
3822 725 447 481 509 
3823 363 588 279 283 
3824 337 662 257 390 
3825 721 428 720 696 
3826 760 520 426 464 
3827 197 11 83 790 
3828 357 330 621 594 
3829 678 520 760 677 
3830 377 321 320 567 
3831 571 320 572 567 
3832 637 289 310 287 
3833 544 53 69 272 
3834 425 424 426 686 
3835 739 530 462 440 
3836 852 223 884 208 
3837 576 381 312 569 
3838 785 88 16 224 
3839 867 837 148 244 
3840 745 506 460 394 
3841 287 637 288 571 
3842 838 899 791 135 
3843 437 698 434 699 
3844 51 98 553 319 
3845 274 269 275 608 
3846 239 107 36 786 
3847 555 88 17 342 
3848 528 778 485 411 
3849 261 312 309 631 
3850 813 815 166 168 
3851 454 716 736 724 
3852 306 646 658 308 
3853 870 244 867 214 
3854 480 781 711 767 
3855 876 202 128 844 
3856 574 288 571 568 
3857 807 175 177 805 
3858 304 577 635 305 
3859 600 294 592 575 
3860 377 322 560 256 
3861 584 652 285 583 
3862 868 884 139 208 
3863 229 874 898 216 
3864 321 585 380 572 
3865 165 851 185 850 
3866 205 843 223 784 
3867 680 424 421 423 
3868 406 40 111 670 
3869 320 321 572 567 
3870 739 500 738 670 
3871 597 598 587 278 
3872 468 712 427 746 
3873 287 637 583 665 
3874 806 178 879 179 
3875 672 400 397 465 
3876 530 500 499 762 
3877 308 646 658 629 
3878 864 84 12 130 
3879 334 619 336 292 
3880 441 702 442 443 
3881 603 661 345 640 
3882 304 635 302 305 
3883 754 733 525 753 
3884 679 421 750 680 
3885 491 477 772 504 
3886 739 486 500 670 
3887 471 507 466 718 
3888 480 436 711 741 
3889 299 638 590 660 
3890 638 589 599 301 
3891 653 600 601 295 
3892 453 684 682 683 
3893 250 624 316 317 
3894 91 19 252 556 
3895 870 791 244 135 
3896 381 576 570 569 
3897 491 504 774 475 
3898 62 102 412 529 
3899 794 222 827 207 
3900 484 752 469 773 
3901 33 104 409 775 
3902 691 696 466 718 
3903 719 474 731 473 
3904 321 378 379 612 
3905 863 876 202 792 
3906 581 300 589 590 
3907 469 752 484 535 
3908 481 732 509 527 
3909 101 61 469 773 
3910 628 593 331 310 
3911 650 274 373 275 
3912 683 404 494 495 
3913 570 351 565 582 
3914 782 242 860 125 
3915 766 730 478 681 
3916 509 732 681 527 
3917 683 453 684 494 
3918 707 445 730 479 
3919 677 519 523 675 
3920 798 891 215 873 
3921 837 867 899 244 
3922 663 623 328 266 
3923 624 316 311 307 
3924 747 468 712 435 
3925 592 593 574 289 
3926 775 709 409 752 
3927 616 273 649 269 
3928 412 777 726 529 
3929 262 18 89 613 
3930 20 91 252 617 
3931 531 711 463 767 
3932 730 534 479 478 
3933 595 361 338 301 
3934 507 425 696 691 
3935 170 811 813 168 
3936 160 849 822 819 
3937 448 776 533 713 
3938 491 763 503 435 
3939 462 481 732 725 
3940 141 124 31 235 
3941 263 645 323 630 
3942 448 705 776 713 
3943 523 531 767 400 
3944 284 596 282 586 
3945 384 16 87 614 
3946 607 373 374 314 
3947 567 388 377 560 
3948 623 328 604 663 
3949 284 596 586 641 
3950 338 618 390 346 
3951 445 704 705 707 
3952 862 793 137 210 
3953 320 571 568 567 
3954 899 838 219 135 
3955 209 136 895 792 
3956 538 746 471 742 
3957 637 593 628 310 
3958 94 23 876 792 
3959 712 750 763 422 
3960 482 512 765 452 
3961 638 299 364 660 
3962 687 463 689 711 
3963 176 807 177 806 
3964 826 159 156 183 
3965 561 365 384 639 
3966 612 377 378 322 
3967 587 279 597 278 
3968 579 635 305 306 
3969 703 749 442 501 
3970 827 208 868 207 
3971 429 733 720 693 
3972 649 5 273 616 
3973 785 16 87 138 
3974 286 584 583 572 
3975 180 177 805 803 
3976 898 241 187 229 
3977 738 500 739 762 
3978 124 141 891 235 
3979 799 874 890 216 
3980 800 246 782 125 
3981 703 704 705 444 
3982 810 887 807 176 
3983 592 290 574 575 
3984 81 215 891 873 
3985 447 725 508 509 
3986 482 759 505 450 
3987 691 466 507 718 
3988 394 460 745 535 
3989 481 462 447 725 
3990 478 766 681 509 
3991 10 82 329 663 
3992 701 439 702 700 
3993 464 760 520 677 
3994 636 383 338 361 
3995 264 383 573 629 
3996 338 636 595 599 
3997 455 754 525 753 
3998 676 518 519 675 
3999 660 590 299 297 
4000 709 409 104 775 
4001 720 428 429 761 
4002 423 421 680 422 
4003 745 716 460 717 
4004 396 113 43 751 
4005 257 15 86 561 
4006 484 752 461 535 
4007 312 576 569 632 
4008 424 678 520 760 
4009 696 425 428 686 
4010 562 261 631 563 
4011 280 281 586 587 
4012 262 634 332 613 
4013 272 582 625 647 
4014 10 82 663 266 
4015 789 881 193 830 
4016 356 605 387 355 
4017 351 570 381 315 
4018 706 684 456 729 
4019 426 761 686 760 
4020 489 107 37 734 
4021 412 102 777 529 
4022 731 406 738 473 
4023 597 279 588 283 
4024 546 68 4 417 
4025 471 472 538 742 
4026 694 433 719 697 
4027 591 610 325 333 
4028 130 864 789 886 
4029 667 329 268 386 
4030 421 750 420 679 
4031 310 628 382 370 
4032 393 606 325 591 
4033 278 626 360 291 
4034 691 427 746 471 
4035 430 429 761 693 
4036 677 687 464 688 
4037 631 261 312 313 
4038 304 635 577 580 
4039 725 766 508 509 
4040 589 300 581 580 
4041 603 345 666 385 
4042 21 92 885 205 
4043 583 652 285 665 
4044 426 760 464 688 
4045 466 425 696 507 
4046 272 625 69 647 
4047 346 85 13 573 
4048 803 802 186 179 
4049 400 398 673 672 
4050 763 712 422 435 
4051 691 507 425 423 
4052 80 68 418 547 
4053 310 628 637 665 
4054 717 487 506 488 
4055 589 638 299 301 
4056 782 246 242 125 
4057 829 212 888 206 
4058 199 896 134 790 
4059 138 15 87 878 
4060 89 17 866 131 
4061 338 618 346 636 
4062 789 13 84 130 
4063 749 457 483 501 
4064 687 463 688 689 
4065 810 811 170 172 
4066 531 767 400 398 
4067 763 770 669 503 
4068 98 553 319 656 
4069 525 515 754 455 
4070 828 231 218 127 
4071 771 79 80 547 
4072 304 577 381 576 
4073 697 719 738 473 
4074 715 450 482 452 
4075 208 827 222 207 
4076 879 802 179 187 
4077 880 108 38 225 
4078 444 703 704 443 
4079 585 380 379 321 
4080 616 52 273 391 
4081 457 728 493 405 
4082 770 413 510 722 
4083 270 625 369 344 
4084 340 601 633 620 
4085 362 250 654 316 
4086 499 697 738 473 
4087 174 809 808 175 
4088 576 312 368 632 
4089 892 797 140 214 
4090 774 410 710 475 
4091 249 208 827 222 
4092 351 565 309 569 
4093 494 453 684 524 
4094 524 453 684 456 
4095 730 478 681 401 
4096 370 628 382 627 
4097 131 89 18 794 
4098 464 760 677 688 
4099 816 871 191 897 
4100 748 408 780 718 
4101 136 238 895 792 
4102 310 331 628 332 
4103 729 514 456 501 
4104 427 691 507 471 
4105 427 712 468 435 
4106 405 706 453 456 
4107 190 173 812 853 
4108 423 691 507 427 
4109 354 596 627 652 
4110 721 780 467 696 
4111 778 62 102 411 
4112 653 601 340 295 
4113 519 523 675 465 
4114 268 49 97 667 
4115 311 316 624 317 
4116 138 848 189 878 
4117 311 622 646 308 
4118 602 578 582 344 
4119 304 302 635 580 
4120 230 863 209 804 
4121 451 716 715 714 
4122 452 716 454 724 
4123 605 356 634 355 
4124 137 793 862 229 
4125 615 626 554 251 
4126 272 369 625 344 
4127 445 444 704 443 
4128 836 200 228 199 
4129 451 715 450 714 
4130 410 47 779 117 
4131 457 749 729 501 
4132 811 171 814 168 
4133 427 468 746 471 
4134 639 365 384 339 
4135 593 592 355 289 
4136 656 553 319 623 
4137 298 590 653 297 
4138 609 303 644 318 
4139 512 765 452 724 
4140 744 489 534 734 
4141 843 223 852 174 
4142 291 626 360 347 
4143 471 691 507 718 
4144 893 182 820 871 
4145 394 745 758 668 
4146 80 418 546 737 
4147 500 499 738 473 
4148 732 481 462 486 
4149 127 877 112 787 
4150 760 426 761 688 
4151 692 418 737 419 
4152 493 685 403 405 
4153 693 525 733 753 
4154 553 319 623 317 
4155 433 719 697 473 
4156 808 204 175 230 
4157 413 737 418 419 
4158 460 461 745 535 
4159 309 381 351 569 
4160 333 610 347 640 
4161 458 518 676 517 
4162 898 241 802 187 
4163 880 38 109 129 
4164 455 474 754 719 
4165 388 567 564 560 
4166 820 848 181 893 
4167 565 351 570 569 
4168 81 329 667 386 
4169 516 112 42 671 
4170 864 197 865 198 
4171 513 488 416 755 
4172 276 275 598 277 
4173 831 220 886 198 
4174 750 503 763 422 
4175 87 785 138 878 
4176 650 274 275 608 
4177 467 751 780 721 
4178 445 707 505 479 
4179 605 296 609 318 
4180 420 750 421 422 
4181 488 717 487 743 
4182 604 268 328 656 
4183 455 753 694 719 
4184 592 294 387 355 
4185 606 283 588 326 
4186 103 528 778 485 
4187 112 41 127 787 
4188 875 133 894 232 
4189 170 812 169 813 
4190 759 482 765 715 
4191 419 737 692 722 
4192 591 325 393 333 
4193 657 50 335 267 
4194 383 636 341 361 
4195 338 636 361 595 
4196 82 663 266 594 
4197 278 597 626 291 
4198 645 263 566 630 
4199 582 272 352 647 
4200 544 54 53 376 
4201 381 312 368 576 
4202 303 609 660 297 
4203 267 97 49 666 
4204 421 750 680 422 
4205 282 584 380 585 
4206 531 480 711 767 
4207 600 605 296 609 
4208 579 307 646 306 
4209 662 337 364 638 
4210 249 814 171 168 
4211 586 282 284 281 
4212 617 20 92 353 
4213 463 430 688 689 
4214 614 639 384 339 
4215 789 85 13 881 
4216 326 363 588 630 
4217 288 637 574 571 
4218 299 638 589 590 
4219 623 319 328 317 
4220 819 160 849 162 
4221 780 496 751 467 
4222 606 326 611 393 
4223 92 885 205 784 
4224 319 553 250 317 
4225 319 328 656 623 
4226 581 633 359 298 
4227 595 338 599 301 
4228 739 500 530 762 
4229 706 684 453 456 
4230 530 462 500 739 
4231 460 506 745 717 
4232 221 854 178 247 
4233 277 598 276 278 
4234 706 405 457 456 
4235 381 570 351 569 
4236 211 786 133 894 
4237 260 565 352 647 
4238 583 285 584 286 
4239 703 729 749 501 
4240 657 335 348 267 
4241 290 592 294 575 
4242 525 515 733 754 
4243 624 250 553 317 
4244 728 685 405 706 
4245 201 232 875 838 
4246 747 491 774 475 
4247 482 759 450 715 
4248 299 589 300 590 
4249 685 405 706 682 
4250 337 662 390 599 
4251 676 519 677 675 
4252 419 413 737 722 
4253 682 405 706 453 
4254 113 42 671 396 
4255 356 331 634 355 
4256 632 631 312 313 
4257 837 838 219 899 
4258 661 591 265 333 
4259 476 741 740 728 
4260 378 321 377 612 
4261 323 645 324 641 
4262 621 367 330 357 
4263 652 627 382 665 
4264 227 110 39 795 
4265 644 605 609 318 
4266 486 110 40 670 
4267 593 637 289 310 
4268 271 540 53 272 
4269 614 644 639 339 
4270 86 14 257 618 
4271 303 639 644 339 
4272 274 650 649 608 
4273 560 388 377 256 
4274 276 275 608 598 
4275 753 455 754 719 
4276 758 532 506 394 
4277 615 269 616 608 
4278 764 683 684 494 
4279 525 429 733 497 
4280 318 605 296 387 
4281 755 513 488 414 
4282 460 454 716 745 
4283 392 613 332 371 
4284 329 81 9 386 
4285 347 348 554 335 
4286 895 863 209 792 
4287 528 103 32 485 
4288 5 540 271 625 
4289 364 660 303 639 
4290 669 477 772 491 
4291 460 461 454 745 
4292 491 669 395 503 
4293 555 644 342 318 
4294 526 690 765 407 
4295 129 109 880 795 
4296 416 756 75 757 
4297 772 101 61 477 
4298 636 341 361 658 
4299 605 600 296 387 
4300 429 733 497 720 
4301 500 738 499 762 
4302 484 775 752 727 
4303 230 175 808 805 
4304 381 368 304 576 
4305 470 735 512 724 
4306 715 482 765 452 
4307 231 828 877 127 
4308 159 826 841 183 
4309 210 862 879 187 
4310 455 694 433 719 
4311 231 877 829 212 
4312 733 429 525 693 
4313 351 565 260 309 
4314 271 52 659 369 
4315 614 342 644 339 
4316 250 624 654 316 
4317 382 285 652 665 
4318 778 485 411 727 
4319 514 776 524 448 
4320 531 687 523 767 
4321 773 484 752 727 
4322 885 128 240 844 
4323 329 268 604 667 
4324 662 337 638 599 
4325 262 555 356 634 
4326 684 764 494 524 
4327 715 452 716 451 
4328 463 687 523 531 
4329 631 312 569 632 
4330 770 395 669 503 
4331 240 844 204 808 
4332 388 377 320 567 
4333 415 757 416 552 
4334 734 108 37 401 
4335 764 494 459 743 
4336 563 259 261 350 
4337 240 174 843 808 
4338 507 696 466 691 
4339 405 457 728 706 
4340 485 775 484 727 
4341 461 736 454 745 
4342 355 331 634 593 
4343 187 862 898 229 
4344 839 189 878 226 
4345 260 565 351 352 
4346 654 389 250 362 
4347 625 271 659 369 
4348 387 318 605 356 
4349 763 491 747 435 
4350 780 466 467 696 
4351 852 814 171 249 
4352 384 87 15 561 
4353 348 640 347 554 
4354 362 654 655 316 
4355 671 515 516 754 
4356 129 39 109 795 
4357 498 470 735 512 
4358 757 6 75 552 
4359 533 494 764 524 
4360 668 394 745 535 
4361 543 58 57 375 
4362 257 662 365 561 
4363 360 347 554 251 
4364 661 95 24 265 
4365 382 370 627 354 
4366 484 773 411 727 
4367 600 605 294 387 
4368 406 738 500 670 
4369 625 270 659 602 
4370 654 602 270 362 
4371 706 684 682 453 
4372 417 546 418 737 
4373 522 68 67 547 
4374 757 513 755 723 
4375 536 395 770 510 
4376 289 637 574 288 
4377 200 836 896 199 
4378 624 553 250 654 
4379 770 413 536 510 
4380 637 574 593 289 
4381 353 617 324 645 
4382 631 632 620 313 
4383 764 494 533 459 
4384 554 626 360 251 
4385 415 416 63 552 
4386 779 490 726 777 
4387 348 554 335 657 
4388 294 605 600 592 
4389 469 394 668 535 
4390 497 733 721 720 
4391 328 329 604 663 
4392 592 387 605 355 
4393 654 655 602 362 
4394 347 626 360 554 
4395 521 495 756 416 
4396 554 348 640 657 
4397 736 461 502 752 
4398 59 100 758 723 
4399 883 110 40 227 
4400 546 6 80 737 
4401 516 537 731 474 
4402 669 491 763 503 
4403 454 736 470 724 
4404 863 209 804 895 
4405 603 640 348 657 
4406 539 5 3 273 
4407 605 294 387 592 
4408 380 379 280 585 
4409 692 418 771 737 
4410 335 98 50 657 
4411 504 490 726 774 
4412 418 417 737 413 
4413 726 772 504 774 
4414 654 624 655 316 
4415 519 518 676 458 
4416 899 244 791 135 
4417 4 6 546 417 
4418 6 546 417 737 
4419 733 515 525 497 
4420 354 627 382 652 
4421 771 418 80 737 
4422 238 869 188 895 
4423 270 389 654 362 
4424 616 99 52 391 
4425 382 628 310 665 
4426 540 53 3 271 
4427 391 269 616 615 
4428 269 391 372 615 
4429 490 726 774 779 
4430 542 56 55 366 
4431 726 504 772 412 
4432 511 66 65 551 
4433 625 659 270 369 
4434 657 348 603 267 
4435 63 4 415 552 
4436 415 513 757 723 
4437 540 3 5 271 
4438 369 625 271 272 
4439 513 757 416 415 
4440 129 840 159 160 
4441 76 682 684 683 
4442 220 193 158 830 
4443 897 191 222 131 
4444 65 685 551 77 
4445 65 551 685 403 
4446 768 551 685 77 
4447 768 685 551 403 
4448 86 839 193 881 
4449 193 839 86 226 
4450 193 14 86 881 
4451 86 14 193 226 
4452 532 513 758 414 
4453 755 758 513 414 
4454 755 513 758 723 
4455 4 723 552 6 
4456 4 552 723 415 
4457 757 552 723 6 
4458 757 723 552 415 
4459 4 59 6 417 
4460 4 6 59 723 
4461 737 6 59 417 
4462 795 184 883 850 
4463 795 883 184 227 
4464 185 883 184 850 
4465 185 184 883 227 
4466 220 831 825 154 
4467 825 831 220 830 
4468 825 158 220 154 
4469 220 158 825 830 
4470 849 795 160 840 
4471 849 160 795 184 
4472 129 160 795 840 
4473 129 795 160 184 
4474 786 211 882 845 
4475 786 882 211 239 
4476 183 882 211 845 
4477 183 211 882 239 
4478 893 138 181 182 
4479 893 181 138 848 
4480 886 130 830 789 
4481 886 830 130 220 
4482 193 830 130 789 
4483 193 130 830 220 
4484 3 52 5 271 
4485 659 5 52 271 
4486 193 189 824 839 
4487 824 189 193 158 
4488 824 830 193 839 
4489 193 830 824 158 
4490 654 250 659 99 
4491 654 659 250 389 
4492 52 659 250 99 
4493 52 250 659 389 
4494 543 649 58 375 
4495 58 649 543 74 
4496 643 366 558 542 
4497 643 558 366 254 
4498 398 551 66 511 
4499 66 551 398 78 
4500 841 183 37 225 
4501 37 183 841 882 
4502 37 108 841 225 
4503 841 108 37 882 
4504 651 322 612 374 
4505 612 322 651 664 
4506 253 664 256 557 
4507 253 256 664 322 
4508 54 376 70 260 
4509 54 70 376 544 
4510 565 70 376 260 
4511 549 64 404 521 
4512 404 64 549 76 
4513 404 683 549 521 
4514 549 683 404 76 
4515 129 159 880 225 
4516 129 880 159 840 
4517 841 880 159 225 
4518 841 159 880 840 
4519 817 167 191 164 
4520 817 191 167 816 
4521 850 818 184 165 
4522 850 184 818 849 
4523 162 184 818 165 
4524 162 818 184 849 
4525 815 851 165 818 
4526 165 851 815 166 
4527 165 164 815 818 
4528 815 164 165 166 
4529 336 558 388 564 
4530 336 388 558 254 
4531 117 137 874 793 
4532 117 874 137 47 
4533 817 162 818 164 
4534 817 818 162 819 
4535 859 141 243 798 
4536 859 243 141 194 
4537 540 625 272 271 
4538 272 625 540 69 
4539 785 182 866 224 
4540 866 182 785 893 
4541 221 190 853 237 
4542 221 853 190 887 
4543 571 287 286 288 
4544 571 286 287 583 
4545 247 793 855 861 
4546 855 793 247 203 
4547 217 869 796 248 
4548 217 796 869 872 
4549 265 94 393 591 
4550 265 393 94 23 
4551 135 104 870 791 
4552 135 870 104 33 
4553 824 181 189 192 
4554 824 189 181 848 
4555 259 642 563 643 
4556 563 642 259 350 
4557 344 655 578 343 
4558 578 655 344 602 
4559 731 41 406 537 
4560 731 406 41 111 
4561 758 59 394 100 
4562 758 394 59 532 
4563 243 873 200 856 
4564 243 200 873 215 
4565 526 759 765 744 
4566 526 765 759 482 
4567 729 524 514 776 
4568 729 514 524 456 
4569 114 206 788 888 
4570 114 788 206 44 
4571 135 105 104 791 
4572 135 104 105 34 
4573 759 479 526 505 
4574 526 479 759 744 
4575 255 650 651 559 
4576 255 651 650 373 
4577 779 48 777 118 
4578 779 777 48 490 
4579 887 178 854 806 
4580 854 178 887 221 
4581 241 802 860 898 
4582 860 802 241 242 
4583 244 837 219 899 
4584 244 219 837 148 
4585 23 876 22 94 
4586 22 876 23 202 
4587 363 641 630 323 
4588 363 630 641 588 
4589 443 703 702 442 
4590 443 702 703 704 
4591 93 327 94 611 
4592 94 327 93 22 
4593 652 584 282 596 
4594 282 584 652 285 
4595 282 284 652 596 
4596 652 284 282 285 
4597 472 115 116 742 
4598 116 115 472 45 
4599 626 372 598 360 
4600 626 598 372 615 
4601 276 598 372 360 
4602 654 270 659 389 
4603 654 659 270 602 
4604 414 758 506 755 
4605 414 506 758 532 
4606 529 102 8 62 
4607 529 8 102 777 
4608 857 232 211 152 
4609 211 232 857 894 
4610 236 103 214 32 
4611 236 214 103 892 
4612 5 99 52 616 
4613 5 52 99 659 
4614 6 100 59 723 
4615 6 59 100 737 
4616 562 541 563 71 
4617 273 5 52 616 
4618 273 52 5 3 
4619 513 758 59 532 
4620 513 59 758 723 
4621 542 56 254 72 
4622 254 56 542 366 
4623 254 558 542 72 
4624 542 558 254 366 
4625 70 376 647 565 
4626 70 647 376 544 
4627 598 372 608 276 
4628 598 608 372 615 
4629 269 608 372 276 
4630 269 372 608 615 
4631 541 563 259 261 
4632 541 259 563 71 
4633 541 261 562 563 
4634 562 261 541 258 
$EndElements
